{
  "tag": "expert_projected_seed3",
  "cell": "expert_projected",
  "config": {
    "expert_explore": true,
    "project_to_admissible": true,
    "seed": 3
  },
  "wall_time_train_sec": 9.85053038597107,
  "distance_curve": [
    [
      2500,
      0.08091945031672926
    ],
    [
      5000,
      0.07837417425064001
    ],
    [
      7500,
      0.07584382654833316
    ],
    [
      10000,
      0.07505398125907618
    ],
    [
      12500,
      0.0747344213821875
    ],
    [
      15000,
      0.0747344213821875
    ],
    [
      17500,
      0.0747344213821875
    ],
    [
      20000,
      0.0747344213821875
    ],
    [
      22500,
      0.0747344213821875
    ],
    [
      25000,
      0.07475629628997858
    ],
    [
      27500,
      0.07433717901433032
    ],
    [
      30000,
      0.07433717901433032
    ],
    [
      32500,
      0.07461351971622535
    ],
    [
      35000,
      0.07468162958989615
    ],
    [
      37500,
      0.07468162958989615
    ],
    [
      40000,
      0.07487011997542523
    ],
    [
      42500,
      0.07487399858482004
    ],
    [
      45000,
      0.07414959570560234
    ],
    [
      47500,
      0.0737818685606271
    ],
    [
      50000,
      0.07356187408094189
    ]
  ],
  "inadmissible_action_rate_training": 0.0017139945337471627,
  "final_policy_distance_to_Vstar": 0.07356187171943221,
  "final_policy_value_dweighted": 0.8015798264779723,
  "deployment_unsupported_state_frac": 0.0070126227208976155,
  "final_policy_agreement_with_expert": 0.6395511921458625
}