{
  "tag": "expert_projected_seed2",
  "cell": "expert_projected",
  "config": {
    "expert_explore": true,
    "project_to_admissible": true,
    "seed": 2
  },
  "wall_time_train_sec": 8.720527410507202,
  "distance_curve": [
    [
      2500,
      0.08167216326364714
    ],
    [
      5000,
      0.07736505010618291
    ],
    [
      7500,
      0.0777687059716097
    ],
    [
      10000,
      0.07721836353801305
    ],
    [
      12500,
      0.07721836353801305
    ],
    [
      15000,
      0.07721836353801305
    ],
    [
      17500,
      0.07721836353801305
    ],
    [
      20000,
      0.07721836353801305
    ],
    [
      22500,
      0.07721836353801305
    ],
    [
      25000,
      0.07721836353801305
    ],
    [
      27500,
      0.07696637792886606
    ],
    [
      30000,
      0.07696542322224101
    ],
    [
      32500,
      0.07665847869688604
    ],
    [
      35000,
      0.0767194793125838
    ],
    [
      37500,
      0.0769045561470974
    ],
    [
      40000,
      0.07671448860051033
    ],
    [
      42500,
      0.07629650523967381
    ],
    [
      45000,
      0.0762998055033993
    ],
    [
      47500,
      0.07629351989494672
    ],
    [
      50000,
      0.07491131794111176
    ]
  ],
  "inadmissible_action_rate_training": 0.0012872879095276435,
  "final_policy_distance_to_Vstar": 0.07491130243356446,
  "final_policy_value_dweighted": 0.80023039576384,
  "deployment_unsupported_state_frac": 0.004207573632538569,
  "final_policy_agreement_with_expert": 0.6633941093969145
}