{
  "tag": "expert_projected_seed4",
  "cell": "expert_projected",
  "config": {
    "expert_explore": true,
    "project_to_admissible": true,
    "seed": 4
  },
  "wall_time_train_sec": 9.120630741119385,
  "distance_curve": [
    [
      2500,
      0.08180328113026535
    ],
    [
      5000,
      0.07752599401587622
    ],
    [
      7500,
      0.07604433830594459
    ],
    [
      10000,
      0.07549347266726997
    ],
    [
      12500,
      0.07549347266726997
    ],
    [
      15000,
      0.07549347266726997
    ],
    [
      17500,
      0.07549347266726997
    ],
    [
      20000,
      0.07541777122693577
    ],
    [
      22500,
      0.07541777122693577
    ],
    [
      25000,
      0.07541777122693577
    ],
    [
      27500,
      0.07507244034047034
    ],
    [
      30000,
      0.07438743005415913
    ],
    [
      32500,
      0.07482922350465805
    ],
    [
      35000,
      0.07507198776538918
    ],
    [
      37500,
      0.07391396138109292
    ],
    [
      40000,
      0.07335401580277087
    ],
    [
      42500,
      0.07315240811776412
    ],
    [
      45000,
      0.07288197342185962
    ],
    [
      47500,
      0.07224887270408879
    ],
    [
      50000,
      0.07147284998834366
    ]
  ],
  "inadmissible_action_rate_training": 0.0010464254397651357,
  "final_policy_distance_to_Vstar": 0.07147278591379037,
  "final_policy_value_dweighted": 0.8036689122836139,
  "deployment_unsupported_state_frac": 0.0070126227208976155,
  "final_policy_agreement_with_expert": 0.6619915848527349
}