{
  "tag": "expert_raw_seed3",
  "cell": "expert_raw",
  "config": {
    "expert_explore": true,
    "project_to_admissible": false,
    "seed": 3
  },
  "wall_time_train_sec": 8.465312004089355,
  "distance_curve": [
    [
      2500,
      0.07962713279418467
    ],
    [
      5000,
      0.0758515561878839
    ],
    [
      7500,
      0.07412404459553817
    ],
    [
      10000,
      0.07398274498914933
    ],
    [
      12500,
      0.07398274498914933
    ],
    [
      15000,
      0.07398274498914933
    ],
    [
      17500,
      0.07398274498914933
    ],
    [
      20000,
      0.07398274498914933
    ],
    [
      22500,
      0.07398274498914933
    ],
    [
      25000,
      0.07359476097973659
    ],
    [
      27500,
      0.07359476097973659
    ],
    [
      30000,
      0.07359476097973659
    ],
    [
      32500,
      0.07328412604531498
    ],
    [
      35000,
      0.07328412604531498
    ],
    [
      37500,
      0.07336997868075582
    ],
    [
      40000,
      0.07336997868075582
    ],
    [
      42500,
      0.0731476160790753
    ],
    [
      45000,
      0.07248144096608225
    ],
    [
      47500,
      0.07248144096608225
    ],
    [
      50000,
      0.07263368187694243
    ]
  ],
  "inadmissible_action_rate_training": 0.052159721307396184,
  "final_policy_distance_to_Vstar": 0.07263362879030669,
  "final_policy_value_dweighted": 0.8025080694070978,
  "deployment_unsupported_state_frac": 0.0729312762973352,
  "final_policy_agreement_with_expert": 0.635343618513324
}