{
  "tag": "vanilla_seed2",
  "cell": "vanilla",
  "config": {
    "expert_explore": false,
    "project_to_admissible": false,
    "seed": 2
  },
  "wall_time_train_sec": 8.798252582550049,
  "distance_curve": [
    [
      2500,
      0.08925577236095154
    ],
    [
      5000,
      0.08855278086547275
    ],
    [
      7500,
      0.08847067747226575
    ],
    [
      10000,
      0.08847067747226575
    ],
    [
      12500,
      0.08847067747226575
    ],
    [
      15000,
      0.08847067747226575
    ],
    [
      17500,
      0.08847067747226575
    ],
    [
      20000,
      0.08847067747226575
    ],
    [
      22500,
      0.08847067747226575
    ],
    [
      25000,
      0.08847067747226575
    ],
    [
      27500,
      0.08847067747226575
    ],
    [
      30000,
      0.08847067747226575
    ],
    [
      32500,
      0.08847067747226575
    ],
    [
      35000,
      0.08847067747226575
    ],
    [
      37500,
      0.08847067747226575
    ],
    [
      40000,
      0.08847067747226575
    ],
    [
      42500,
      0.08847067747226575
    ],
    [
      45000,
      0.08847067747226575
    ],
    [
      47500,
      0.08847067747226575
    ],
    [
      50000,
      0.08847067747226575
    ]
  ],
  "inadmissible_action_rate_training": 0.8544601665447166,
  "final_policy_distance_to_Vstar": 0.08847054231684705,
  "final_policy_value_dweighted": 0.7866711558805574,
  "deployment_unsupported_state_frac": 0.876577840112202,
  "final_policy_agreement_with_expert": 0.033660589060308554
}