{
  "j_star": 0.8751416981974044,
  "lcb_c": 0.1,
  "behavior": "expert",
  "N_list": [
    1000,
    2500,
    5000,
    10000,
    25000,
    50000,
    100000
  ],
  "methods": {
    "naive": {
      "overestimation_mean": [
        -0.19825824849071408,
        0.0473242832224882,
        0.13116275518796,
        0.1675860966719135,
        0.18400035520641822,
        0.2000808172217965,
        0.20827541071474412
      ],
      "distance_to_Vstar_mean": [
        0.09330232506108448,
        0.09301939287179148,
        0.09473314006598074,
        0.09601487744068282,
        0.09314413608036698,
        0.09458576827318602,
        0.09347705268649535
      ],
      "deployed_unsupported_mean": [
        0.5938288920056101,
        0.515007012622721,
        0.46479663394109405,
        0.4190743338008415,
        0.5416549789621319,
        0.7366058906030857,
        0.8569424964936887
      ],
      "overestimation_std": [
        0.03316243858616454,
        0.02308633023326805,
        0.007992958855599721,
        0.012394243522294351,
        0.006987132237000305,
        0.003946027421938557,
        0.001161831737214052
      ],
      "distance_to_Vstar_std": [
        0.001401905352836955,
        0.001950161198938939,
        0.0018370105443770532,
        0.0035661494410254365,
        0.0023165239479331122,
        0.0008521948396472366,
        0.0017190679398612265
      ],
      "deployed_unsupported_std": [
        0.016553354977638792,
        0.010277739669319086,
        0.021330364974423418,
        0.011149849601319376,
        0.03454597605171494,
        0.008611546385979663,
        0.010772995438805902
      ]
    },
    "pessimistic": {
      "overestimation_mean": [
        -0.513833513581134,
        -0.19309977995958388,
        -0.0881570977933858,
        -0.04767754797569619,
        0.016331466126723714,
        0.038891730687870774,
        0.04877795374250395
      ],
      "distance_to_Vstar_mean": [
        0.09181650301540996,
        0.09132688896287318,
        0.08977043387491665,
        0.08724692122568235,
        0.08246385572724943,
        0.07680579516293162,
        0.06875407954432426
      ],
      "deployed_unsupported_mean": [
        0.34810659186535764,
        0.23702664796633938,
        0.22131837307152874,
        0.2314165497896213,
        0.28022440392706877,
        0.3514726507713885,
        0.40336605890603083
      ],
      "overestimation_std": [
        0.21020189002746686,
        0.019882911537471525,
        0.006426237516956615,
        0.0467636833160108,
        0.005353353480614549,
        0.006281558693544173,
        0.003923006076060791
      ],
      "distance_to_Vstar_std": [
        0.002731229828251391,
        0.0023761873758872364,
        0.0012193959821617734,
        0.002980652829250685,
        0.0021682280988187972,
        0.00393427655254849,
        0.002050821374888969
      ],
      "deployed_unsupported_std": [
        0.007643437079067999,
        0.018764499523505822,
        0.021804633703669026,
        0.013489049131606834,
        0.011624889641010994,
        0.021831681016573026,
        0.007260689540277579
      ]
    },
    "masked": {
      "overestimation_mean": [
        -0.20921265864489508,
        0.03082908684971415,
        0.11086619517861,
        0.1384852437955947,
        0.14487535697296555,
        0.1322533213416988,
        0.1038581353996626
      ],
      "distance_to_Vstar_mean": [
        0.08812665083250071,
        0.08939555288694154,
        0.09154093175551734,
        0.08970103645168472,
        0.08923728202966755,
        0.08099655954335234,
        0.0645316313709711
      ],
      "deployed_unsupported_mean": [
        0.0,
        0.0,
        0.0,
        0.0,
        0.0,
        0.0,
        0.0
      ],
      "overestimation_std": [
        0.03420120562834748,
        0.026769697650509187,
        0.011028609095217932,
        0.0108264762587698,
        0.009391992282639141,
        0.0062584366877970945,
        0.0072399694700536685
      ],
      "distance_to_Vstar_std": [
        0.0012467958137580577,
        0.0020863981499545377,
        0.003100674774853101,
        0.0038235654035217296,
        0.003862552996615892,
        0.006427118887792646,
        0.005514968144334173
      ],
      "deployed_unsupported_std": [
        0.0,
        0.0,
        0.0,
        0.0,
        0.0,
        0.0,
        0.0
      ]
    }
  }
}