{
  "tag": "behavior_only_seed3",
  "cell": "behavior_only",
  "seed": 3,
  "wall_time_train_sec": 8.038878202438354,
  "distance_curve": [
    [
      2500,
      0.07924840690808015
    ],
    [
      5000,
      0.08053416567690046
    ],
    [
      7500,
      0.07779259721976495
    ],
    [
      10000,
      0.07662067209542675
    ],
    [
      12500,
      0.07724603396752129
    ],
    [
      15000,
      0.07724603396752129
    ],
    [
      17500,
      0.07693691184045484
    ],
    [
      20000,
      0.07693691184045484
    ],
    [
      22500,
      0.07693691184045484
    ],
    [
      25000,
      0.07693691184045484
    ],
    [
      27500,
      0.07693691184045484
    ],
    [
      30000,
      0.07693691184045484
    ],
    [
      32500,
      0.07631126194128071
    ],
    [
      35000,
      0.07693691184045484
    ],
    [
      37500,
      0.07614619894084017
    ],
    [
      40000,
      0.07547867947664161
    ],
    [
      42500,
      0.0754753045431104
    ],
    [
      45000,
      0.0744924809599848
    ],
    [
      47500,
      0.07274992314787487
    ],
    [
      50000,
      0.07181599949414624
    ]
  ],
  "leakage_curve": [
    [
      2500,
      -0.19080690609249723
    ],
    [
      5000,
      -0.31727089353175114
    ],
    [
      7500,
      -0.4221397194459043
    ],
    [
      10000,
      -0.5132905116777389
    ],
    [
      12500,
      -0.5885380914258195
    ],
    [
      15000,
      -0.6395949368976417
    ],
    [
      17500,
      -0.681543670279037
    ],
    [
      20000,
      -0.7080015321313893
    ],
    [
      22500,
      -0.7317048497508336
    ],
    [
      25000,
      -0.7445736392269907
    ],
    [
      27500,
      -0.7534664376910392
    ],
    [
      30000,
      -0.7643605597698053
    ],
    [
      32500,
      -0.769534330005814
    ],
    [
      35000,
      -0.7751217756226352
    ],
    [
      37500,
      -0.7782707765684594
    ],
    [
      40000,
      -0.7800910959531941
    ],
    [
      42500,
      -0.7831826758544596
    ],
    [
      45000,
      -0.7844026763384013
    ],
    [
      47500,
      -0.7820424602184082
    ],
    [
      50000,
      -0.7815753983736524
    ]
  ],
  "inadmissible_action_rate_training": 0.0,
  "final_policy_distance_to_Vstar": 0.07181593731767212,
  "final_policy_value_dweighted": 0.8033257608797325,
  "deployment_unsupported_state_frac": 0.0,
  "final_q_leakage": -0.7815753983736524,
  "final_policy_agreement_with_expert": 0.5315568022440392
}