{
  "tag": "behavior_only_seed4",
  "cell": "behavior_only",
  "seed": 4,
  "wall_time_train_sec": 7.873023986816406,
  "distance_curve": [
    [
      2500,
      0.07962643189067177
    ],
    [
      5000,
      0.07605329884029793
    ],
    [
      7500,
      0.07368654741805417
    ],
    [
      10000,
      0.07352641137398165
    ],
    [
      12500,
      0.07352641137398165
    ],
    [
      15000,
      0.07352641137398165
    ],
    [
      17500,
      0.07352641137398165
    ],
    [
      20000,
      0.07352641137398165
    ],
    [
      22500,
      0.07352641137398165
    ],
    [
      25000,
      0.07352641137398165
    ],
    [
      27500,
      0.07307265959952092
    ],
    [
      30000,
      0.07309508665653601
    ],
    [
      32500,
      0.07309508665653601
    ],
    [
      35000,
      0.0737314342454392
    ],
    [
      37500,
      0.0728413592239573
    ],
    [
      40000,
      0.07366315860785143
    ],
    [
      42500,
      0.07366315860785143
    ],
    [
      45000,
      0.07284568391512343
    ],
    [
      47500,
      0.07206324963291673
    ],
    [
      50000,
      0.07236751855393672
    ]
  ],
  "leakage_curve": [
    [
      2500,
      -0.1905627676330275
    ],
    [
      5000,
      -0.32180639076346146
    ],
    [
      7500,
      -0.4301006398350224
    ],
    [
      10000,
      -0.5202370465063256
    ],
    [
      12500,
      -0.5885542034702748
    ],
    [
      15000,
      -0.6384836451082516
    ],
    [
      17500,
      -0.679402166020728
    ],
    [
      20000,
      -0.7069777741215366
    ],
    [
      22500,
      -0.7237802362397917
    ],
    [
      25000,
      -0.740961109968636
    ],
    [
      27500,
      -0.756279295800384
    ],
    [
      30000,
      -0.7616877080305879
    ],
    [
      32500,
      -0.7676401772238525
    ],
    [
      35000,
      -0.7744703263975663
    ],
    [
      37500,
      -0.7756164676154127
    ],
    [
      40000,
      -0.7818882161789802
    ],
    [
      42500,
      -0.7861012853128965
    ],
    [
      45000,
      -0.7913763226988807
    ],
    [
      47500,
      -0.7898685309854168
    ],
    [
      50000,
      -0.7929718183562942
    ]
  ],
  "inadmissible_action_rate_training": 0.0,
  "final_policy_distance_to_Vstar": 0.07236747245367796,
  "final_policy_value_dweighted": 0.8027742257437266,
  "deployment_unsupported_state_frac": 0.0,
  "final_q_leakage": -0.7929718183562942,
  "final_policy_agreement_with_expert": 0.5259467040673211
}