{
  "tag": "conservative_k2_seed3",
  "cell": "conservative_k2",
  "seed": 3,
  "wall_time_train_sec": 13.432604789733887,
  "distance_curve": [
    [
      2500,
      0.09526359358816186
    ],
    [
      5000,
      0.08919161018845022
    ],
    [
      7500,
      0.09071090278792424
    ],
    [
      10000,
      0.08562223203041518
    ],
    [
      12500,
      0.0860150477165126
    ],
    [
      15000,
      0.0881128467001769
    ],
    [
      17500,
      0.08825464335160649
    ],
    [
      20000,
      0.08808289532757718
    ],
    [
      22500,
      0.08163824604225557
    ],
    [
      25000,
      0.08465452487075992
    ],
    [
      27500,
      0.08457603516084457
    ],
    [
      30000,
      0.09397800544005738
    ],
    [
      32500,
      0.08118970792995991
    ],
    [
      35000,
      0.09097549720309439
    ],
    [
      37500,
      0.08636762417735513
    ],
    [
      40000,
      0.08369149777028743
    ],
    [
      42500,
      0.09484986552276264
    ],
    [
      45000,
      0.09069172582228192
    ],
    [
      47500,
      0.08567540882342739
    ],
    [
      50000,
      0.09622940394260796
    ]
  ],
  "leakage_curve": [
    [
      2500,
      -1.6387132103430968
    ],
    [
      5000,
      -2.2574748851727757
    ],
    [
      7500,
      -2.558440938129526
    ],
    [
      10000,
      -2.8063876118900146
    ],
    [
      12500,
      -2.999927496699942
    ],
    [
      15000,
      -3.134900935019299
    ],
    [
      17500,
      -3.246684919210905
    ],
    [
      20000,
      -3.3251306838411523
    ],
    [
      22500,
      -3.3830538751850465
    ],
    [
      25000,
      -3.407273580437739
    ],
    [
      27500,
      -3.444772781665896
    ],
    [
      30000,
      -3.4533539431712765
    ],
    [
      32500,
      -3.4863807012200474
    ],
    [
      35000,
      -3.4870015386998547
    ],
    [
      37500,
      -3.5095274951765147
    ],
    [
      40000,
      -3.506625549984042
    ],
    [
      42500,
      -3.5169755248772905
    ],
    [
      45000,
      -3.525743015236216
    ],
    [
      47500,
      -3.5265163805478337
    ],
    [
      50000,
      -3.5205110561363315
    ]
  ],
  "inadmissible_action_rate_training": 0.1156038885515393,
  "final_policy_distance_to_Vstar": 0.09622926875864991,
  "final_policy_value_dweighted": 0.7789124294387546,
  "deployment_unsupported_state_frac": 0.0,
  "final_q_leakage": -3.5205110561363315,
  "final_policy_agreement_with_expert": 0.5063113604488079
}