{
  "tag": "conservative_k2_seed4",
  "cell": "conservative_k2",
  "seed": 4,
  "wall_time_train_sec": 13.49727988243103,
  "distance_curve": [
    [
      2500,
      0.08624338540456383
    ],
    [
      5000,
      0.08416133408704446
    ],
    [
      7500,
      0.0854000759280079
    ],
    [
      10000,
      0.08451129871215694
    ],
    [
      12500,
      0.0821816611621139
    ],
    [
      15000,
      0.07971410438976172
    ],
    [
      17500,
      0.08345559118291668
    ],
    [
      20000,
      0.09185732505563297
    ],
    [
      22500,
      0.08340030124793492
    ],
    [
      25000,
      0.0875511240332549
    ],
    [
      27500,
      0.0837292451082894
    ],
    [
      30000,
      0.07964704029483598
    ],
    [
      32500,
      0.08514169058029651
    ],
    [
      35000,
      0.09244360997817071
    ],
    [
      37500,
      0.08942840491738192
    ],
    [
      40000,
      0.08725743323864367
    ],
    [
      42500,
      0.0839983212269241
    ],
    [
      45000,
      0.08888679198217658
    ],
    [
      47500,
      0.08263329730669079
    ],
    [
      50000,
      0.08805045205069038
    ]
  ],
  "leakage_curve": [
    [
      2500,
      -1.6422077154295478
    ],
    [
      5000,
      -2.2380435271455656
    ],
    [
      7500,
      -2.537645739332599
    ],
    [
      10000,
      -2.79471198937342
    ],
    [
      12500,
      -3.0093023355190307
    ],
    [
      15000,
      -3.138936084950171
    ],
    [
      17500,
      -3.256556459329815
    ],
    [
      20000,
      -3.3159547845356756
    ],
    [
      22500,
      -3.3641901422523484
    ],
    [
      25000,
      -3.392790712701196
    ],
    [
      27500,
      -3.4308610406145164
    ],
    [
      30000,
      -3.4664120205967257
    ],
    [
      32500,
      -3.4906726860524637
    ],
    [
      35000,
      -3.4872979333055714
    ],
    [
      37500,
      -3.5007674574786396
    ],
    [
      40000,
      -3.5140169603370315
    ],
    [
      42500,
      -3.5108731646721854
    ],
    [
      45000,
      -3.525909464750134
    ],
    [
      47500,
      -3.5143522742231306
    ],
    [
      50000,
      -3.5243029512043638
    ]
  ],
  "inadmissible_action_rate_training": 0.11528507211938673,
  "final_policy_distance_to_Vstar": 0.08805022088139976,
  "final_policy_value_dweighted": 0.7870914773160046,
  "deployment_unsupported_state_frac": 0.0,
  "final_q_leakage": -3.5243029512043638,
  "final_policy_agreement_with_expert": 0.4964936886395512
}