{
  "tag": "conservative_k1_seed4",
  "cell": "conservative_k1",
  "seed": 4,
  "wall_time_train_sec": 13.376352548599243,
  "distance_curve": [
    [
      2500,
      0.08645911293225095
    ],
    [
      5000,
      0.0893529894839015
    ],
    [
      7500,
      0.0791075264142329
    ],
    [
      10000,
      0.0804996673347374
    ],
    [
      12500,
      0.0799713843740817
    ],
    [
      15000,
      0.07932647894261415
    ],
    [
      17500,
      0.08012968107977703
    ],
    [
      20000,
      0.08170588262914309
    ],
    [
      22500,
      0.08209000950207922
    ],
    [
      25000,
      0.07558257559264382
    ],
    [
      27500,
      0.08284592210758134
    ],
    [
      30000,
      0.08106045678443026
    ],
    [
      32500,
      0.08153623324659555
    ],
    [
      35000,
      0.07959222807542857
    ],
    [
      37500,
      0.08451469920847718
    ],
    [
      40000,
      0.0865469746751067
    ],
    [
      42500,
      0.08669180706941382
    ],
    [
      45000,
      0.08645851339651457
    ],
    [
      47500,
      0.08608862420353552
    ],
    [
      50000,
      0.07545965254022222
    ]
  ],
  "leakage_curve": [
    [
      2500,
      -1.0011320360730622
    ],
    [
      5000,
      -1.5316507708495817
    ],
    [
      7500,
      -1.8464844518379253
    ],
    [
      10000,
      -2.1184572209335646
    ],
    [
      12500,
      -2.307348203404496
    ],
    [
      15000,
      -2.468321731965131
    ],
    [
      17500,
      -2.580098512218823
    ],
    [
      20000,
      -2.670867409667151
    ],
    [
      22500,
      -2.7293136888780656
    ],
    [
      25000,
      -2.7819777989486525
    ],
    [
      27500,
      -2.8063797086312148
    ],
    [
      30000,
      -2.8421114544285087
    ],
    [
      32500,
      -2.8877394867768675
    ],
    [
      35000,
      -2.905716783501181
    ],
    [
      37500,
      -2.921340303507467
    ],
    [
      40000,
      -2.9287206607176337
    ],
    [
      42500,
      -2.936439679123109
    ],
    [
      45000,
      -2.944448295239987
    ],
    [
      47500,
      -2.9482980321223233
    ],
    [
      50000,
      -2.949536974387957
    ]
  ],
  "inadmissible_action_rate_training": 0.11568072545797578,
  "final_policy_distance_to_Vstar": 0.07545948169709099,
  "final_policy_value_dweighted": 0.7996822165003135,
  "deployment_unsupported_state_frac": 0.0,
  "final_q_leakage": -2.949536974387957,
  "final_policy_agreement_with_expert": 0.4908835904628331
}