{
  "tag": "conservative_k1_seed0",
  "cell": "conservative_k1",
  "seed": 0,
  "wall_time_train_sec": 13.423299789428711,
  "distance_curve": [
    [
      2500,
      0.08488877294720523
    ],
    [
      5000,
      0.07733296226571953
    ],
    [
      7500,
      0.07391011843964775
    ],
    [
      10000,
      0.07050764253786442
    ],
    [
      12500,
      0.07422497191118128
    ],
    [
      15000,
      0.07735748681386745
    ],
    [
      17500,
      0.08109984412250035
    ],
    [
      20000,
      0.07952230323357394
    ],
    [
      22500,
      0.08601135992901705
    ],
    [
      25000,
      0.0820811194606404
    ],
    [
      27500,
      0.07920364646042664
    ],
    [
      30000,
      0.08211975501326964
    ],
    [
      32500,
      0.08131523807067587
    ],
    [
      35000,
      0.0847992279963921
    ],
    [
      37500,
      0.079234523283159
    ],
    [
      40000,
      0.0788199821290309
    ],
    [
      42500,
      0.08063367216383474
    ],
    [
      45000,
      0.08875523370925165
    ],
    [
      47500,
      0.08897174318000567
    ],
    [
      50000,
      0.07780899532247876
    ]
  ],
  "leakage_curve": [
    [
      2500,
      -0.9916587930560363
    ],
    [
      5000,
      -1.5523898228250768
    ],
    [
      7500,
      -1.8624201297907583
    ],
    [
      10000,
      -2.101869859737382
    ],
    [
      12500,
      -2.3137849379722204
    ],
    [
      15000,
      -2.483106324295719
    ],
    [
      17500,
      -2.588124483902025
    ],
    [
      20000,
      -2.6667014203859134
    ],
    [
      22500,
      -2.726190022732085
    ],
    [
      25000,
      -2.7815279805437747
    ],
    [
      27500,
      -2.8115953423132436
    ],
    [
      30000,
      -2.8477734720787877
    ],
    [
      32500,
      -2.8548929806807144
    ],
    [
      35000,
      -2.8756226473711086
    ],
    [
      37500,
      -2.893519191789562
    ],
    [
      40000,
      -2.9064071998822887
    ],
    [
      42500,
      -2.915044810061111
    ],
    [
      45000,
      -2.929435184070354
    ],
    [
      47500,
      -2.936683910156519
    ],
    [
      50000,
      -2.949874644868762
    ]
  ],
  "inadmissible_action_rate_training": 0.11629406706792778,
  "final_policy_distance_to_Vstar": 0.07780880246819602,
  "final_policy_value_dweighted": 0.7973328957292085,
  "deployment_unsupported_state_frac": 0.0,
  "final_q_leakage": -2.949874644868762,
  "final_policy_agreement_with_expert": 0.4782608695652174
}