{
  "tag": "full_mask_seed0",
  "cell": "full_mask",
  "seed": 0,
  "wall_time_train_sec": 8.466590642929077,
  "distance_curve": [
    [
      2500,
      0.07913725929074358
    ],
    [
      5000,
      0.07648517709305404
    ],
    [
      7500,
      0.07283721203696028
    ],
    [
      10000,
      0.0710433676433062
    ],
    [
      12500,
      0.0710433676433062
    ],
    [
      15000,
      0.0710433676433062
    ],
    [
      17500,
      0.0710433676433062
    ],
    [
      20000,
      0.0710433676433062
    ],
    [
      22500,
      0.0710433676433062
    ],
    [
      25000,
      0.07141170378963878
    ],
    [
      27500,
      0.07141170378963878
    ],
    [
      30000,
      0.07135059837768942
    ],
    [
      32500,
      0.07098620371079697
    ],
    [
      35000,
      0.07098620371079697
    ],
    [
      37500,
      0.07098620371079697
    ],
    [
      40000,
      0.0706985758391738
    ],
    [
      42500,
      0.07070400942168545
    ],
    [
      45000,
      0.07004250096991538
    ],
    [
      47500,
      0.07000595701626477
    ],
    [
      50000,
      0.07012005123629828
    ]
  ],
  "leakage_curve": [
    [
      2500,
      -0.19073458320943779
    ],
    [
      5000,
      -0.322171423702072
    ],
    [
      7500,
      -0.43394750139301064
    ],
    [
      10000,
      -0.5273666776554594
    ],
    [
      12500,
      -0.5996056926212547
    ],
    [
      15000,
      -0.6488070263602743
    ],
    [
      17500,
      -0.6857989055404996
    ],
    [
      20000,
      -0.7144187016957388
    ],
    [
      22500,
      -0.7329473497532558
    ],
    [
      25000,
      -0.7466258511999542
    ],
    [
      27500,
      -0.7588838655078229
    ],
    [
      30000,
      -0.76665318878244
    ],
    [
      32500,
      -0.7748924590001035
    ],
    [
      35000,
      -0.7874123798504553
    ],
    [
      37500,
      -0.7888170203955657
    ],
    [
      40000,
      -0.7864182329896213
    ],
    [
      42500,
      -0.7887769722259267
    ],
    [
      45000,
      -0.7957919907490545
    ],
    [
      47500,
      -0.7946270733241283
    ],
    [
      50000,
      -0.7956746284172826
    ]
  ],
  "inadmissible_action_rate_training": 0.0,
  "final_policy_distance_to_Vstar": 0.07012003415377199,
  "final_policy_value_dweighted": 0.8050216640436325,
  "deployment_unsupported_state_frac": 0.0,
  "final_q_leakage": -0.7956746284172826,
  "final_policy_agreement_with_expert": 0.5343618513323983
}