{
  "tag": "policy_only_seed1",
  "cell": "policy_only",
  "seed": 1,
  "wall_time_train_sec": 8.852748394012451,
  "distance_curve": [
    [
      2500,
      0.09128387966494383
    ],
    [
      5000,
      0.0864421992024051
    ],
    [
      7500,
      0.08459256950274098
    ],
    [
      10000,
      0.0819709250612049
    ],
    [
      12500,
      0.08109391256425412
    ],
    [
      15000,
      0.08560813607399514
    ],
    [
      17500,
      0.08512553854183297
    ],
    [
      20000,
      0.0832092198747358
    ],
    [
      22500,
      0.08294582802537939
    ],
    [
      25000,
      0.08585704396455578
    ],
    [
      27500,
      0.08931384622635628
    ],
    [
      30000,
      0.09152382983316508
    ],
    [
      32500,
      0.09089871640408466
    ],
    [
      35000,
      0.08725249318740473
    ],
    [
      37500,
      0.08600125541006079
    ],
    [
      40000,
      0.08782411371815621
    ],
    [
      42500,
      0.08839217913716142
    ],
    [
      45000,
      0.08725411410075691
    ],
    [
      47500,
      0.08858582516840276
    ],
    [
      50000,
      0.08676305010056228
    ]
  ],
  "leakage_curve": [
    [
      2500,
      0.07815626151129836
    ],
    [
      5000,
      0.12814807952393314
    ],
    [
      7500,
      0.19983834460128938
    ],
    [
      10000,
      0.2760376869213848
    ],
    [
      12500,
      0.34440227667140233
    ],
    [
      15000,
      0.39100394434201025
    ],
    [
      17500,
      0.4194712793125221
    ],
    [
      20000,
      0.44656290756797656
    ],
    [
      22500,
      0.4608653869647967
    ],
    [
      25000,
      0.471098386083448
    ],
    [
      27500,
      0.4798377239098978
    ],
    [
      30000,
      0.48190897397034294
    ],
    [
      32500,
      0.48292622377370564
    ],
    [
      35000,
      0.48298077344494156
    ],
    [
      37500,
      0.483840363987184
    ],
    [
      40000,
      0.4802358500365767
    ],
    [
      42500,
      0.48126587696558587
    ],
    [
      45000,
      0.4777843207254503
    ],
    [
      47500,
      0.4779246165584623
    ],
    [
      50000,
      0.47780442991465666
    ]
  ],
  "inadmissible_action_rate_training": 0.8717892364410487,
  "final_policy_distance_to_Vstar": 0.08676303448907197,
  "final_policy_value_dweighted": 0.7883786637083324,
  "deployment_unsupported_state_frac": 0.0,
  "final_q_leakage": 0.47780442991465666,
  "final_policy_agreement_with_expert": 0.4950911640953717
}