{
  "tag": "policy_only_seed3",
  "cell": "policy_only",
  "seed": 3,
  "wall_time_train_sec": 8.7403724193573,
  "distance_curve": [
    [
      2500,
      0.09582309854282998
    ],
    [
      5000,
      0.0887146914334537
    ],
    [
      7500,
      0.09160410146018395
    ],
    [
      10000,
      0.08879352574772435
    ],
    [
      12500,
      0.090557406062482
    ],
    [
      15000,
      0.09336379034100539
    ],
    [
      17500,
      0.09270528468671069
    ],
    [
      20000,
      0.09257339240313595
    ],
    [
      22500,
      0.09257654144843637
    ],
    [
      25000,
      0.08978687246709253
    ],
    [
      27500,
      0.09002862130312791
    ],
    [
      30000,
      0.08899333044635596
    ],
    [
      32500,
      0.0877843095321537
    ],
    [
      35000,
      0.08978499193541417
    ],
    [
      37500,
      0.09183270778903076
    ],
    [
      40000,
      0.09134502114459293
    ],
    [
      42500,
      0.0879793899379423
    ],
    [
      45000,
      0.08712678078959665
    ],
    [
      47500,
      0.08518329668092338
    ],
    [
      50000,
      0.0857032606035754
    ]
  ],
  "leakage_curve": [
    [
      2500,
      0.07620371749280672
    ],
    [
      5000,
      0.12410331187986738
    ],
    [
      7500,
      0.1829886794357404
    ],
    [
      10000,
      0.2550249254105459
    ],
    [
      12500,
      0.3116942110041565
    ],
    [
      15000,
      0.35400116098886214
    ],
    [
      17500,
      0.38315296900817214
    ],
    [
      20000,
      0.40558195509334294
    ],
    [
      22500,
      0.41977919001434055
    ],
    [
      25000,
      0.4307681861844764
    ],
    [
      27500,
      0.4376253853874514
    ],
    [
      30000,
      0.4419779210554391
    ],
    [
      32500,
      0.4465206077799622
    ],
    [
      35000,
      0.4476120686244871
    ],
    [
      37500,
      0.44561683405805885
    ],
    [
      40000,
      0.4456933332977915
    ],
    [
      42500,
      0.4447525029109105
    ],
    [
      45000,
      0.44383239241717215
    ],
    [
      47500,
      0.44350379772431975
    ],
    [
      50000,
      0.44220429179832027
    ]
  ],
  "inadmissible_action_rate_training": 0.8397125169809921,
  "final_policy_distance_to_Vstar": 0.08570324820519556,
  "final_policy_value_dweighted": 0.7894384499922092,
  "deployment_unsupported_state_frac": 0.0,
  "final_q_leakage": 0.44220429179832027,
  "final_policy_agreement_with_expert": 0.5077138849929874
}