{
  "tag": "policy_only_seed4",
  "cell": "policy_only",
  "seed": 4,
  "wall_time_train_sec": 8.769768953323364,
  "distance_curve": [
    [
      2500,
      0.09124615748260458
    ],
    [
      5000,
      0.08891703639271886
    ],
    [
      7500,
      0.08704973429275396
    ],
    [
      10000,
      0.08434208219190176
    ],
    [
      12500,
      0.08380145884860186
    ],
    [
      15000,
      0.08586979511824185
    ],
    [
      17500,
      0.08464394970841271
    ],
    [
      20000,
      0.0863359130178127
    ],
    [
      22500,
      0.0868937431833793
    ],
    [
      25000,
      0.08444025200940357
    ],
    [
      27500,
      0.08785710082031477
    ],
    [
      30000,
      0.08894209896283999
    ],
    [
      32500,
      0.08709986296982329
    ],
    [
      35000,
      0.08472499530865171
    ],
    [
      37500,
      0.08507804188403303
    ],
    [
      40000,
      0.08312357952811888
    ],
    [
      42500,
      0.08409125193842266
    ],
    [
      45000,
      0.08553632137634748
    ],
    [
      47500,
      0.0845731142000369
    ],
    [
      50000,
      0.08537702069201643
    ]
  ],
  "leakage_curve": [
    [
      2500,
      0.07481632938341691
    ],
    [
      5000,
      0.12976178417289133
    ],
    [
      7500,
      0.1910590341839729
    ],
    [
      10000,
      0.25625983961267995
    ],
    [
      12500,
      0.3240897229331959
    ],
    [
      15000,
      0.37660161931560426
    ],
    [
      17500,
      0.4060278909883137
    ],
    [
      20000,
      0.4306623010348321
    ],
    [
      22500,
      0.4480793252874677
    ],
    [
      25000,
      0.45738554975876794
    ],
    [
      27500,
      0.46165095109850235
    ],
    [
      30000,
      0.4631958026605267
    ],
    [
      32500,
      0.46496993629583616
    ],
    [
      35000,
      0.4663458084037404
    ],
    [
      37500,
      0.46845878599264407
    ],
    [
      40000,
      0.461323093055053
    ],
    [
      42500,
      0.4627834969934881
    ],
    [
      45000,
      0.46087728142476403
    ],
    [
      47500,
      0.45616917677044566
    ],
    [
      50000,
      0.45291128056289504
    ]
  ],
  "inadmissible_action_rate_training": 0.8575831971225333,
  "final_policy_distance_to_Vstar": 0.08537701116128135,
  "final_policy_value_dweighted": 0.7897646870361231,
  "deployment_unsupported_state_frac": 0.0,
  "final_q_leakage": 0.45291128056289504,
  "final_policy_agreement_with_expert": 0.5189340813464236
}