{
  "tag": "policy_only_seed2",
  "cell": "policy_only",
  "seed": 2,
  "wall_time_train_sec": 8.616248369216919,
  "distance_curve": [
    [
      2500,
      0.08710362041509975
    ],
    [
      5000,
      0.0871649473021461
    ],
    [
      7500,
      0.0919485972032165
    ],
    [
      10000,
      0.08848731990401269
    ],
    [
      12500,
      0.09033441095285441
    ],
    [
      15000,
      0.08951256982112471
    ],
    [
      17500,
      0.08695450238056769
    ],
    [
      20000,
      0.08688692459989786
    ],
    [
      22500,
      0.08876000166783035
    ],
    [
      25000,
      0.08747788807576493
    ],
    [
      27500,
      0.08797145305940665
    ],
    [
      30000,
      0.08881206737038812
    ],
    [
      32500,
      0.08928869104489412
    ],
    [
      35000,
      0.08929731607616606
    ],
    [
      37500,
      0.09027680011593724
    ],
    [
      40000,
      0.08725126885680698
    ],
    [
      42500,
      0.08896232162835822
    ],
    [
      45000,
      0.08868170201363419
    ],
    [
      47500,
      0.08551289799826038
    ],
    [
      50000,
      0.08371281031409626
    ]
  ],
  "leakage_curve": [
    [
      2500,
      0.0744241493257874
    ],
    [
      5000,
      0.12295775225441079
    ],
    [
      7500,
      0.1841345806605256
    ],
    [
      10000,
      0.26310454713517967
    ],
    [
      12500,
      0.3313120531349307
    ],
    [
      15000,
      0.3799262390015771
    ],
    [
      17500,
      0.41149132026493973
    ],
    [
      20000,
      0.43877530042818846
    ],
    [
      22500,
      0.4513117272236824
    ],
    [
      25000,
      0.45996516706984697
    ],
    [
      27500,
      0.47204899684030105
    ],
    [
      30000,
      0.4767383297642457
    ],
    [
      32500,
      0.48160909762104154
    ],
    [
      35000,
      0.4816669627276753
    ],
    [
      37500,
      0.4803373421688764
    ],
    [
      40000,
      0.47744085723345897
    ],
    [
      42500,
      0.47224273935459227
    ],
    [
      45000,
      0.47668820894284575
    ],
    [
      47500,
      0.4691321317813003
    ],
    [
      50000,
      0.46728302880072936
    ]
  ],
  "inadmissible_action_rate_training": 0.8544601665447166,
  "final_policy_distance_to_Vstar": 0.08371279364594315,
  "final_policy_value_dweighted": 0.7914289045514614,
  "deployment_unsupported_state_frac": 0.0,
  "final_q_leakage": 0.46728302880072936,
  "final_policy_agreement_with_expert": 0.5077138849929874
}