{
  "tag": "policy_only_seed0",
  "cell": "policy_only",
  "seed": 0,
  "wall_time_train_sec": 8.722268342971802,
  "distance_curve": [
    [
      2500,
      0.08450873971949555
    ],
    [
      5000,
      0.08420088130991961
    ],
    [
      7500,
      0.07942610157773837
    ],
    [
      10000,
      0.07933605202421028
    ],
    [
      12500,
      0.07904848867375822
    ],
    [
      15000,
      0.07928303701598431
    ],
    [
      17500,
      0.07882507572683675
    ],
    [
      20000,
      0.07733402290528561
    ],
    [
      22500,
      0.07786506656005318
    ],
    [
      25000,
      0.0769309717795616
    ],
    [
      27500,
      0.07847559654918733
    ],
    [
      30000,
      0.07908480679240616
    ],
    [
      32500,
      0.08129427857669975
    ],
    [
      35000,
      0.08086596971945081
    ],
    [
      37500,
      0.078593609685883
    ],
    [
      40000,
      0.07922336363555751
    ],
    [
      42500,
      0.07645603508713752
    ],
    [
      45000,
      0.07718921171093451
    ],
    [
      47500,
      0.07638474028861597
    ],
    [
      50000,
      0.07524921924503687
    ]
  ],
  "leakage_curve": [
    [
      2500,
      0.073878944772753
    ],
    [
      5000,
      0.12066001869957596
    ],
    [
      7500,
      0.1847274789703669
    ],
    [
      10000,
      0.26349801453835214
    ],
    [
      12500,
      0.331816517640417
    ],
    [
      15000,
      0.3736351333589503
    ],
    [
      17500,
      0.40448534683010545
    ],
    [
      20000,
      0.42802319948359824
    ],
    [
      22500,
      0.4432054532198554
    ],
    [
      25000,
      0.45598597386694645
    ],
    [
      27500,
      0.4637433866316932
    ],
    [
      30000,
      0.4668146336075003
    ],
    [
      32500,
      0.46948984061334625
    ],
    [
      35000,
      0.46937986919469166
    ],
    [
      37500,
      0.46815848893867534
    ],
    [
      40000,
      0.46933610657640434
    ],
    [
      42500,
      0.46829575109478616
    ],
    [
      45000,
      0.46628803978444205
    ],
    [
      47500,
      0.4620128272374237
    ],
    [
      50000,
      0.4568171190090704
    ]
  ],
  "inadmissible_action_rate_training": 0.8481639964611383,
  "final_policy_distance_to_Vstar": 0.07524917134998056,
  "final_policy_value_dweighted": 0.799892526847424,
  "deployment_unsupported_state_frac": 0.0,
  "final_q_leakage": 0.4568171190090704,
  "final_policy_agreement_with_expert": 0.514726507713885
}