{
  "tag": "target_only_seed1",
  "cell": "target_only",
  "seed": 1,
  "wall_time_train_sec": 9.275549411773682,
  "distance_curve": [
    [
      2500,
      0.09202412048510115
    ],
    [
      5000,
      0.09224196645842068
    ],
    [
      7500,
      0.0916663350564159
    ],
    [
      10000,
      0.08916456758483446
    ],
    [
      12500,
      0.0863099283220996
    ],
    [
      15000,
      0.08541952647567194
    ],
    [
      17500,
      0.08557205138995241
    ],
    [
      20000,
      0.08436624860225168
    ],
    [
      22500,
      0.08262946348193233
    ],
    [
      25000,
      0.08177942658552216
    ],
    [
      27500,
      0.08283409340745967
    ],
    [
      30000,
      0.08373026934001214
    ],
    [
      32500,
      0.08385198153416612
    ],
    [
      35000,
      0.0836210603081266
    ],
    [
      37500,
      0.08477228156497388
    ],
    [
      40000,
      0.08577739127562779
    ],
    [
      42500,
      0.08636733725128592
    ],
    [
      45000,
      0.08570258228451837
    ],
    [
      47500,
      0.08683011604057501
    ],
    [
      50000,
      0.08747434405635554
    ]
  ],
  "leakage_curve": [
    [
      2500,
      0.06315348154420683
    ],
    [
      5000,
      0.07768555935782319
    ],
    [
      7500,
      0.08120592600344484
    ],
    [
      10000,
      0.07993677312973065
    ],
    [
      12500,
      0.07712413906550736
    ],
    [
      15000,
      0.07498061228074901
    ],
    [
      17500,
      0.07469612660265838
    ],
    [
      20000,
      0.06988995037468873
    ],
    [
      22500,
      0.07389165229004521
    ],
    [
      25000,
      0.07277694884005015
    ],
    [
      27500,
      0.07311444489118073
    ],
    [
      30000,
      0.07317526511952849
    ],
    [
      32500,
      0.072500344576493
    ],
    [
      35000,
      0.07088674903196798
    ],
    [
      37500,
      0.06957863103172132
    ],
    [
      40000,
      0.06913735643577268
    ],
    [
      42500,
      0.06616625778686278
    ],
    [
      45000,
      0.06693106886834939
    ],
    [
      47500,
      0.06619526066672297
    ],
    [
      50000,
      0.06911988163768776
    ]
  ],
  "inadmissible_action_rate_training": 0.7807443055232643,
  "final_policy_distance_to_Vstar": 0.0874743377074435,
  "final_policy_value_dweighted": 0.7876673604899611,
  "deployment_unsupported_state_frac": 0.7643758765778401,
  "final_q_leakage": 0.06911988163768776,
  "final_policy_agreement_with_expert": 0.09396914446002805
}