{
  "tag": "target_only_seed2",
  "cell": "target_only",
  "seed": 2,
  "wall_time_train_sec": 9.395634412765503,
  "distance_curve": [
    [
      2500,
      0.09051304309280711
    ],
    [
      5000,
      0.08939295616190546
    ],
    [
      7500,
      0.08724553171407855
    ],
    [
      10000,
      0.08608094747714361
    ],
    [
      12500,
      0.08683186108445548
    ],
    [
      15000,
      0.08558329960047932
    ],
    [
      17500,
      0.08473453233624548
    ],
    [
      20000,
      0.08488039695433984
    ],
    [
      22500,
      0.08530954996167502
    ],
    [
      25000,
      0.0839434089442552
    ],
    [
      27500,
      0.08247899532629163
    ],
    [
      30000,
      0.0828984519403755
    ],
    [
      32500,
      0.08200472735688216
    ],
    [
      35000,
      0.08365324825000375
    ],
    [
      37500,
      0.08129348647026795
    ],
    [
      40000,
      0.08100385311865484
    ],
    [
      42500,
      0.08278792607631898
    ],
    [
      45000,
      0.08181730627746711
    ],
    [
      47500,
      0.08230614506323557
    ],
    [
      50000,
      0.08167426740005311
    ]
  ],
  "leakage_curve": [
    [
      2500,
      0.06121300434680659
    ],
    [
      5000,
      0.0799814491685833
    ],
    [
      7500,
      0.08630127878132672
    ],
    [
      10000,
      0.0816820003307956
    ],
    [
      12500,
      0.07773132643183503
    ],
    [
      15000,
      0.07764423021473334
    ],
    [
      17500,
      0.07614699548636474
    ],
    [
      20000,
      0.07439130262521053
    ],
    [
      22500,
      0.07472510788641679
    ],
    [
      25000,
      0.07822514720360656
    ],
    [
      27500,
      0.0784065360542768
    ],
    [
      30000,
      0.0736186279909505
    ],
    [
      32500,
      0.07573609170923676
    ],
    [
      35000,
      0.07714507934727681
    ],
    [
      37500,
      0.07134099581723535
    ],
    [
      40000,
      0.07205319120170085
    ],
    [
      42500,
      0.07145072738934076
    ],
    [
      45000,
      0.07338024057561461
    ],
    [
      47500,
      0.0732738433374104
    ],
    [
      50000,
      0.06682854770488177
    ]
  ],
  "inadmissible_action_rate_training": 0.7846639362279573,
  "final_policy_distance_to_Vstar": 0.0816741566987274,
  "final_policy_value_dweighted": 0.7934675414986773,
  "deployment_unsupported_state_frac": 0.7685834502103787,
  "final_q_leakage": 0.06682854770488177,
  "final_policy_agreement_with_expert": 0.06591865357643759
}