{
  "tag": "target_only_seed4",
  "cell": "target_only",
  "seed": 4,
  "wall_time_train_sec": 9.363119840621948,
  "distance_curve": [
    [
      2500,
      0.09201319071562702
    ],
    [
      5000,
      0.0909087983874256
    ],
    [
      7500,
      0.0902614473659109
    ],
    [
      10000,
      0.08882310724221193
    ],
    [
      12500,
      0.0900019563762431
    ],
    [
      15000,
      0.08922389978676347
    ],
    [
      17500,
      0.08790227305204865
    ],
    [
      20000,
      0.08667798161890011
    ],
    [
      22500,
      0.08815175736386716
    ],
    [
      25000,
      0.08853496681549194
    ],
    [
      27500,
      0.0875413811150393
    ],
    [
      30000,
      0.08826787775421929
    ],
    [
      32500,
      0.0872520779900419
    ],
    [
      35000,
      0.08674401432037838
    ],
    [
      37500,
      0.08647202066321487
    ],
    [
      40000,
      0.08624118993432982
    ],
    [
      42500,
      0.08665824183485396
    ],
    [
      45000,
      0.08662417073588506
    ],
    [
      47500,
      0.08665222832582187
    ],
    [
      50000,
      0.08731173422250196
    ]
  ],
  "leakage_curve": [
    [
      2500,
      0.06810236053516469
    ],
    [
      5000,
      0.08056864661214258
    ],
    [
      7500,
      0.08516780554099766
    ],
    [
      10000,
      0.07949452552978749
    ],
    [
      12500,
      0.07679747570854603
    ],
    [
      15000,
      0.08295000715189718
    ],
    [
      17500,
      0.07968650267902952
    ],
    [
      20000,
      0.0788002330977539
    ],
    [
      22500,
      0.07574414518789084
    ],
    [
      25000,
      0.07864338962484758
    ],
    [
      27500,
      0.08003086200992597
    ],
    [
      30000,
      0.07681821987640043
    ],
    [
      32500,
      0.07130529146543951
    ],
    [
      35000,
      0.07594297846557255
    ],
    [
      37500,
      0.07216767639843093
    ],
    [
      40000,
      0.06727762217744428
    ],
    [
      42500,
      0.07051383613210441
    ],
    [
      45000,
      0.06770609802387918
    ],
    [
      47500,
      0.0663243409688996
    ],
    [
      50000,
      0.06972121506330482
    ]
  ],
  "inadmissible_action_rate_training": 0.7900740430759262,
  "final_policy_distance_to_Vstar": 0.08731166754796026,
  "final_policy_value_dweighted": 0.7878300306494443,
  "deployment_unsupported_state_frac": 0.7727910238429172,
  "final_q_leakage": 0.06972121506330482,
  "final_policy_agreement_with_expert": 0.08134642356241234
}