{
  "tag": "vanilla_seed3",
  "cell": "vanilla",
  "seed": 3,
  "wall_time_train_sec": 8.783374547958374,
  "distance_curve": [
    [
      2500,
      0.09646301700308808
    ],
    [
      5000,
      0.0950707203782705
    ],
    [
      7500,
      0.0944543824861928
    ],
    [
      10000,
      0.09423421383195187
    ],
    [
      12500,
      0.09423421383195187
    ],
    [
      15000,
      0.09423421383195187
    ],
    [
      17500,
      0.09423421383195187
    ],
    [
      20000,
      0.09423421383195187
    ],
    [
      22500,
      0.09423421383195187
    ],
    [
      25000,
      0.09423421383195187
    ],
    [
      27500,
      0.09423421383195187
    ],
    [
      30000,
      0.09423421383195187
    ],
    [
      32500,
      0.09423421383195187
    ],
    [
      35000,
      0.09423421383195187
    ],
    [
      37500,
      0.09423421383195187
    ],
    [
      40000,
      0.09423421383195187
    ],
    [
      42500,
      0.09423421383195187
    ],
    [
      45000,
      0.09423421383195187
    ],
    [
      47500,
      0.09423421383195187
    ],
    [
      50000,
      0.09423421383195187
    ]
  ],
  "leakage_curve": [
    [
      2500,
      0.07620371749280672
    ],
    [
      5000,
      0.12410331187986738
    ],
    [
      7500,
      0.1829886794357404
    ],
    [
      10000,
      0.2550249254105459
    ],
    [
      12500,
      0.3116942110041565
    ],
    [
      15000,
      0.35400116098886214
    ],
    [
      17500,
      0.38315296900817214
    ],
    [
      20000,
      0.40558195509334294
    ],
    [
      22500,
      0.41977919001434055
    ],
    [
      25000,
      0.4307681861844764
    ],
    [
      27500,
      0.4376253853874514
    ],
    [
      30000,
      0.4419779210554391
    ],
    [
      32500,
      0.4465206077799622
    ],
    [
      35000,
      0.4476120686244871
    ],
    [
      37500,
      0.44561683405805885
    ],
    [
      40000,
      0.4456933332977915
    ],
    [
      42500,
      0.4447525029109105
    ],
    [
      45000,
      0.44383239241717215
    ],
    [
      47500,
      0.44350379772431975
    ],
    [
      50000,
      0.44220429179832027
    ]
  ],
  "inadmissible_action_rate_training": 0.8397125169809921,
  "final_policy_distance_to_Vstar": 0.09423419300989078,
  "final_policy_value_dweighted": 0.7809075051875138,
  "deployment_unsupported_state_frac": 0.8541374474053296,
  "final_q_leakage": 0.44220429179832027,
  "final_policy_agreement_with_expert": 0.04067321178120617
}