{
  "tag": "behavior_only_seed2",
  "cell": "behavior_only",
  "seed": 2,
  "wall_time_train_sec": 7.9024176597595215,
  "distance_curve": [
    [
      2500,
      0.08029946943063887
    ],
    [
      5000,
      0.07105805382397024
    ],
    [
      7500,
      0.0686851827631872
    ],
    [
      10000,
      0.06699017671991941
    ],
    [
      12500,
      0.06699017671991941
    ],
    [
      15000,
      0.06699017671991941
    ],
    [
      17500,
      0.06699017671991941
    ],
    [
      20000,
      0.06718516471360965
    ],
    [
      22500,
      0.06670742994231603
    ],
    [
      25000,
      0.06670742994231603
    ],
    [
      27500,
      0.06580717366122414
    ],
    [
      30000,
      0.06580717366122414
    ],
    [
      32500,
      0.06647227955033354
    ],
    [
      35000,
      0.066599200291948
    ],
    [
      37500,
      0.06610551678191072
    ],
    [
      40000,
      0.0669354732379185
    ],
    [
      42500,
      0.06689809107335848
    ],
    [
      45000,
      0.06615526398654455
    ],
    [
      47500,
      0.06539659996674523
    ],
    [
      50000,
      0.06518264942873717
    ]
  ],
  "leakage_curve": [
    [
      2500,
      -0.18776067116443734
    ],
    [
      5000,
      -0.32288302880887354
    ],
    [
      7500,
      -0.4292822596105563
    ],
    [
      10000,
      -0.523052743694762
    ],
    [
      12500,
      -0.5941848714754662
    ],
    [
      15000,
      -0.6484172207123652
    ],
    [
      17500,
      -0.687755132936625
    ],
    [
      20000,
      -0.7194035511727385
    ],
    [
      22500,
      -0.7411130800178787
    ],
    [
      25000,
      -0.7542567913218907
    ],
    [
      27500,
      -0.7644885376476142
    ],
    [
      30000,
      -0.7750455951670153
    ],
    [
      32500,
      -0.7793419788100892
    ],
    [
      35000,
      -0.7863196793597776
    ],
    [
      37500,
      -0.7912446433945818
    ],
    [
      40000,
      -0.79328290504899
    ],
    [
      42500,
      -0.7962020679789084
    ],
    [
      45000,
      -0.7996109399632438
    ],
    [
      47500,
      -0.8000411758583771
    ],
    [
      50000,
      -0.8033886902493685
    ]
  ],
  "inadmissible_action_rate_training": 0.0,
  "final_policy_distance_to_Vstar": 0.06518264389587315,
  "final_policy_value_dweighted": 0.8099590543015315,
  "deployment_unsupported_state_frac": 0.0,
  "final_q_leakage": -0.8033886902493685,
  "final_policy_agreement_with_expert": 0.5231416549789621
}