{
  "tag": "conservative_k2_seed0",
  "cell": "conservative_k2",
  "seed": 0,
  "wall_time_train_sec": 13.563281297683716,
  "distance_curve": [
    [
      2500,
      0.0832370138942216
    ],
    [
      5000,
      0.08508298598784772
    ],
    [
      7500,
      0.0844972430385752
    ],
    [
      10000,
      0.08177016638483423
    ],
    [
      12500,
      0.07839418277971182
    ],
    [
      15000,
      0.08541197811395576
    ],
    [
      17500,
      0.08641071162186546
    ],
    [
      20000,
      0.07955632938836334
    ],
    [
      22500,
      0.0762262378738027
    ],
    [
      25000,
      0.07547156827795261
    ],
    [
      27500,
      0.0935489999786507
    ],
    [
      30000,
      0.07823455686873723
    ],
    [
      32500,
      0.08780729031053464
    ],
    [
      35000,
      0.08835983634616866
    ],
    [
      37500,
      0.07928114635875294
    ],
    [
      40000,
      0.08386260928338207
    ],
    [
      42500,
      0.088817689842725
    ],
    [
      45000,
      0.08810417808539883
    ],
    [
      47500,
      0.08457337870409977
    ],
    [
      50000,
      0.08821504837325676
    ]
  ],
  "leakage_curve": [
    [
      2500,
      -1.6323328010597253
    ],
    [
      5000,
      -2.232553163492077
    ],
    [
      7500,
      -2.544784047888431
    ],
    [
      10000,
      -2.7883941208194236
    ],
    [
      12500,
      -3.020162097631696
    ],
    [
      15000,
      -3.155086434823581
    ],
    [
      17500,
      -3.2591530011694894
    ],
    [
      20000,
      -3.321071434317236
    ],
    [
      22500,
      -3.378396640126099
    ],
    [
      25000,
      -3.4082896561974523
    ],
    [
      27500,
      -3.435616972221861
    ],
    [
      30000,
      -3.4521251944596747
    ],
    [
      32500,
      -3.4769142152201598
    ],
    [
      35000,
      -3.485761301351621
    ],
    [
      37500,
      -3.5014270056163164
    ],
    [
      40000,
      -3.5033180190496713
    ],
    [
      42500,
      -3.495650493695151
    ],
    [
      45000,
      -3.5171644459181803
    ],
    [
      47500,
      -3.519881300136862
    ],
    [
      50000,
      -3.5128420617444824
    ]
  ],
  "inadmissible_action_rate_training": 0.11579847958902922,
  "final_policy_distance_to_Vstar": 0.08821491681848065,
  "final_policy_value_dweighted": 0.7869267813789238,
  "deployment_unsupported_state_frac": 0.0,
  "final_q_leakage": -3.5128420617444824,
  "final_policy_agreement_with_expert": 0.48807854137447404
}