{
  "tag": "conservative_k1_seed1",
  "cell": "conservative_k1",
  "seed": 1,
  "wall_time_train_sec": 13.306703329086304,
  "distance_curve": [
    [
      2500,
      0.08607815927523477
    ],
    [
      5000,
      0.08385788458184497
    ],
    [
      7500,
      0.08301835676455409
    ],
    [
      10000,
      0.07929590492692966
    ],
    [
      12500,
      0.08172118961584723
    ],
    [
      15000,
      0.08044650840814552
    ],
    [
      17500,
      0.08175998955943344
    ],
    [
      20000,
      0.08627287685064049
    ],
    [
      22500,
      0.08927487955707937
    ],
    [
      25000,
      0.0849502598511328
    ],
    [
      27500,
      0.09226366693902348
    ],
    [
      30000,
      0.08600269428068401
    ],
    [
      32500,
      0.08095733776069493
    ],
    [
      35000,
      0.07902405156241288
    ],
    [
      37500,
      0.08348420678565517
    ],
    [
      40000,
      0.0855461626898557
    ],
    [
      42500,
      0.07984012010944447
    ],
    [
      45000,
      0.07838971122671654
    ],
    [
      47500,
      0.08130835200650888
    ],
    [
      50000,
      0.08345388726373758
    ]
  ],
  "leakage_curve": [
    [
      2500,
      -0.9832502110155523
    ],
    [
      5000,
      -1.5367854793280253
    ],
    [
      7500,
      -1.8569908656997844
    ],
    [
      10000,
      -2.0983311412584205
    ],
    [
      12500,
      -2.2909428349491163
    ],
    [
      15000,
      -2.443908577312345
    ],
    [
      17500,
      -2.572073948088654
    ],
    [
      20000,
      -2.6406728529455896
    ],
    [
      22500,
      -2.7078219624897573
    ],
    [
      25000,
      -2.767089546282844
    ],
    [
      27500,
      -2.8012487225428058
    ],
    [
      30000,
      -2.8394725905027083
    ],
    [
      32500,
      -2.859397744798119
    ],
    [
      35000,
      -2.889219016318202
    ],
    [
      37500,
      -2.9025382938530826
    ],
    [
      40000,
      -2.903855097339028
    ],
    [
      42500,
      -2.912440475511978
    ],
    [
      45000,
      -2.925581264953399
    ],
    [
      47500,
      -2.9419773326233574
    ],
    [
      50000,
      -2.944008397654958
    ]
  ],
  "inadmissible_action_rate_training": 0.11683626770042535,
  "final_policy_distance_to_Vstar": 0.08345356051313742,
  "final_policy_value_dweighted": 0.791688137684267,
  "deployment_unsupported_state_frac": 0.0,
  "final_q_leakage": -2.944008397654958,
  "final_policy_agreement_with_expert": 0.4838709677419355
}