{
  "tag": "conservative_k2_seed1",
  "cell": "conservative_k2",
  "seed": 1,
  "wall_time_train_sec": 13.495567083358765,
  "distance_curve": [
    [
      2500,
      0.08901759765789088
    ],
    [
      5000,
      0.08575004756089512
    ],
    [
      7500,
      0.0913604737771572
    ],
    [
      10000,
      0.08714197093134465
    ],
    [
      12500,
      0.08573865363921378
    ],
    [
      15000,
      0.07356375317714701
    ],
    [
      17500,
      0.07810488287051823
    ],
    [
      20000,
      0.07836804469074936
    ],
    [
      22500,
      0.07678226611825649
    ],
    [
      25000,
      0.08891152793865308
    ],
    [
      27500,
      0.08608919426638145
    ],
    [
      30000,
      0.0766485131659649
    ],
    [
      32500,
      0.09029623727661588
    ],
    [
      35000,
      0.08279842172593878
    ],
    [
      37500,
      0.09065328709945192
    ],
    [
      40000,
      0.0878280963167215
    ],
    [
      42500,
      0.08123826688416905
    ],
    [
      45000,
      0.08132930897345975
    ],
    [
      47500,
      0.09494241502866901
    ],
    [
      50000,
      0.08544567000858447
    ]
  ],
  "leakage_curve": [
    [
      2500,
      -1.6251364191695212
    ],
    [
      5000,
      -2.2292662108193024
    ],
    [
      7500,
      -2.5402639680731642
    ],
    [
      10000,
      -2.7868737136345323
    ],
    [
      12500,
      -2.991883449045858
    ],
    [
      15000,
      -3.1407655027844696
    ],
    [
      17500,
      -3.255500654412518
    ],
    [
      20000,
      -3.3211584636419937
    ],
    [
      22500,
      -3.3908899783603514
    ],
    [
      25000,
      -3.4248005800826236
    ],
    [
      27500,
      -3.4595654518363057
    ],
    [
      30000,
      -3.480699957975376
    ],
    [
      32500,
      -3.48465009416728
    ],
    [
      35000,
      -3.4918402120965957
    ],
    [
      37500,
      -3.5037444349448394
    ],
    [
      40000,
      -3.49996319383868
    ],
    [
      42500,
      -3.503902182499713
    ],
    [
      45000,
      -3.51605623344476
    ],
    [
      47500,
      -3.514087321962764
    ],
    [
      50000,
      -3.515008761834873
    ]
  ],
  "inadmissible_action_rate_training": 0.11564515152432564,
  "final_policy_distance_to_Vstar": 0.0854455543901188,
  "final_policy_value_dweighted": 0.7896961438072857,
  "deployment_unsupported_state_frac": 0.0,
  "final_q_leakage": -3.515008761834873,
  "final_policy_agreement_with_expert": 0.48807854137447404
}