{
  "tag": "conservative_k2_seed2",
  "cell": "conservative_k2",
  "seed": 2,
  "wall_time_train_sec": 13.446176290512085,
  "distance_curve": [
    [
      2500,
      0.0879988320150324
    ],
    [
      5000,
      0.07742909085528452
    ],
    [
      7500,
      0.07681199686050448
    ],
    [
      10000,
      0.08250115460165322
    ],
    [
      12500,
      0.07679813183947469
    ],
    [
      15000,
      0.07282242917885388
    ],
    [
      17500,
      0.08339169154721159
    ],
    [
      20000,
      0.07469088741322726
    ],
    [
      22500,
      0.08727103830975033
    ],
    [
      25000,
      0.0819033820962273
    ],
    [
      27500,
      0.08825286529914114
    ],
    [
      30000,
      0.08449872397550248
    ],
    [
      32500,
      0.08599208760728674
    ],
    [
      35000,
      0.0811246704970997
    ],
    [
      37500,
      0.08924225122105187
    ],
    [
      40000,
      0.08030007686370991
    ],
    [
      42500,
      0.08361984477259966
    ],
    [
      45000,
      0.09480593987703122
    ],
    [
      47500,
      0.08410253888618366
    ],
    [
      50000,
      0.08883791062645321
    ]
  ],
  "leakage_curve": [
    [
      2500,
      -1.6388514999733392
    ],
    [
      5000,
      -2.2603846738564854
    ],
    [
      7500,
      -2.5666868355486794
    ],
    [
      10000,
      -2.7911215207809223
    ],
    [
      12500,
      -3.01282563068711
    ],
    [
      15000,
      -3.1463239678273918
    ],
    [
      17500,
      -3.2461049813831737
    ],
    [
      20000,
      -3.315204963261198
    ],
    [
      22500,
      -3.3608321219368893
    ],
    [
      25000,
      -3.410105494995006
    ],
    [
      27500,
      -3.448851425504482
    ],
    [
      30000,
      -3.468887160734719
    ],
    [
      32500,
      -3.478354391428725
    ],
    [
      35000,
      -3.482402798387562
    ],
    [
      37500,
      -3.494615373970701
    ],
    [
      40000,
      -3.5145486268522155
    ],
    [
      42500,
      -3.5114211155611215
    ],
    [
      45000,
      -3.526889244790307
    ],
    [
      47500,
      -3.5158256729043362
    ],
    [
      50000,
      -3.521501135843733
    ]
  ],
  "inadmissible_action_rate_training": 0.11592131856870393,
  "final_policy_distance_to_Vstar": 0.0888377159561206,
  "final_policy_value_dweighted": 0.786303982241284,
  "deployment_unsupported_state_frac": 0.0,
  "final_q_leakage": -3.521501135843733,
  "final_policy_agreement_with_expert": 0.48246844319775595
}