{
  "tag": "conservative_k1_seed2",
  "cell": "conservative_k1",
  "seed": 2,
  "wall_time_train_sec": 13.483093738555908,
  "distance_curve": [
    [
      2500,
      0.0848051319605789
    ],
    [
      5000,
      0.07559584479772796
    ],
    [
      7500,
      0.08076777685426233
    ],
    [
      10000,
      0.08225947118483669
    ],
    [
      12500,
      0.08132715309541179
    ],
    [
      15000,
      0.0781877320839103
    ],
    [
      17500,
      0.07241812898045982
    ],
    [
      20000,
      0.07554195936962861
    ],
    [
      22500,
      0.07363073476402203
    ],
    [
      25000,
      0.07901370897529995
    ],
    [
      27500,
      0.08460899179806414
    ],
    [
      30000,
      0.07646897832844923
    ],
    [
      32500,
      0.08174602350476573
    ],
    [
      35000,
      0.07666080155060166
    ],
    [
      37500,
      0.08316402002896087
    ],
    [
      40000,
      0.08744873754760578
    ],
    [
      42500,
      0.08708057334445762
    ],
    [
      45000,
      0.0856935550802156
    ],
    [
      47500,
      0.09012898428279154
    ],
    [
      50000,
      0.0766604193680486
    ]
  ],
  "leakage_curve": [
    [
      2500,
      -0.9632074259786355
    ],
    [
      5000,
      -1.523077186154202
    ],
    [
      7500,
      -1.845057943938735
    ],
    [
      10000,
      -2.0932542923724315
    ],
    [
      12500,
      -2.308952949656735
    ],
    [
      15000,
      -2.4620452143005687
    ],
    [
      17500,
      -2.5843421418545702
    ],
    [
      20000,
      -2.6805950435915205
    ],
    [
      22500,
      -2.7436536849697095
    ],
    [
      25000,
      -2.78673239169026
    ],
    [
      27500,
      -2.819782959648017
    ],
    [
      30000,
      -2.848753102646159
    ],
    [
      32500,
      -2.882530064546166
    ],
    [
      35000,
      -2.8877974633662506
    ],
    [
      37500,
      -2.902506677091175
    ],
    [
      40000,
      -2.916245523827546
    ],
    [
      42500,
      -2.9308255157752754
    ],
    [
      45000,
      -2.9459754645468816
    ],
    [
      47500,
      -2.9458434650784078
    ],
    [
      50000,
      -2.9506563826026353
    ]
  ],
  "inadmissible_action_rate_training": 0.1147591122458478,
  "final_policy_distance_to_Vstar": 0.07666022426302516,
  "final_policy_value_dweighted": 0.7984814739343795,
  "deployment_unsupported_state_frac": 0.0,
  "final_q_leakage": -2.9506563826026353,
  "final_policy_agreement_with_expert": 0.4838709677419355
}