{
  "tag": "conservative_k1_seed3",
  "cell": "conservative_k1",
  "seed": 3,
  "wall_time_train_sec": 13.340149641036987,
  "distance_curve": [
    [
      2500,
      0.0898467727105007
    ],
    [
      5000,
      0.077877750525497
    ],
    [
      7500,
      0.07592908960992853
    ],
    [
      10000,
      0.0895581035647481
    ],
    [
      12500,
      0.08354221154875914
    ],
    [
      15000,
      0.08433486056161651
    ],
    [
      17500,
      0.07831247765542819
    ],
    [
      20000,
      0.0788793608835715
    ],
    [
      22500,
      0.0824336889536998
    ],
    [
      25000,
      0.08509198841490724
    ],
    [
      27500,
      0.0879726940024512
    ],
    [
      30000,
      0.0837362694463712
    ],
    [
      32500,
      0.08639790022900681
    ],
    [
      35000,
      0.08243891120845308
    ],
    [
      37500,
      0.08494764471987973
    ],
    [
      40000,
      0.08293869370337306
    ],
    [
      42500,
      0.09267721856139736
    ],
    [
      45000,
      0.08344347170657965
    ],
    [
      47500,
      0.08797468048724853
    ],
    [
      50000,
      0.08724139121002793
    ]
  ],
  "leakage_curve": [
    [
      2500,
      -0.9970311691354434
    ],
    [
      5000,
      -1.5483786607303045
    ],
    [
      7500,
      -1.8468210233564806
    ],
    [
      10000,
      -2.0845925085829764
    ],
    [
      12500,
      -2.2868310611759872
    ],
    [
      15000,
      -2.4469657112627576
    ],
    [
      17500,
      -2.5550622770606846
    ],
    [
      20000,
      -2.647436198812843
    ],
    [
      22500,
      -2.711463710469841
    ],
    [
      25000,
      -2.779717218475071
    ],
    [
      27500,
      -2.821136675704782
    ],
    [
      30000,
      -2.856724806645577
    ],
    [
      32500,
      -2.877913607406843
    ],
    [
      35000,
      -2.88491075434727
    ],
    [
      37500,
      -2.899049745954321
    ],
    [
      40000,
      -2.915738657077972
    ],
    [
      42500,
      -2.94694243497001
    ],
    [
      45000,
      -2.945421285550383
    ],
    [
      47500,
      -2.953307300742394
    ],
    [
      50000,
      -2.962362408745955
    ]
  ],
  "inadmissible_action_rate_training": 0.11610038484304572,
  "final_policy_distance_to_Vstar": 0.08724124433899416,
  "final_policy_value_dweighted": 0.7879004538584102,
  "deployment_unsupported_state_frac": 0.0,
  "final_q_leakage": -2.962362408745955,
  "final_policy_agreement_with_expert": 0.48807854137447404
}