{
  "tag": "full_mask_seed1",
  "cell": "full_mask",
  "seed": 1,
  "wall_time_train_sec": 8.71934723854065,
  "distance_curve": [
    [
      2500,
      0.07716333419407316
    ],
    [
      5000,
      0.07208411221315875
    ],
    [
      7500,
      0.06794088962642905
    ],
    [
      10000,
      0.06698533888694182
    ],
    [
      12500,
      0.06698533888694182
    ],
    [
      15000,
      0.06698533888694182
    ],
    [
      17500,
      0.06698533888694182
    ],
    [
      20000,
      0.06698533888694182
    ],
    [
      22500,
      0.06662722709402599
    ],
    [
      25000,
      0.06666113263753093
    ],
    [
      27500,
      0.06666113263753093
    ],
    [
      30000,
      0.06666113263753093
    ],
    [
      32500,
      0.06666113263753093
    ],
    [
      35000,
      0.06647361179826508
    ],
    [
      37500,
      0.06643699455383455
    ],
    [
      40000,
      0.06679541731477132
    ],
    [
      42500,
      0.06679541731477132
    ],
    [
      45000,
      0.06676544400611917
    ],
    [
      47500,
      0.06677851141123368
    ],
    [
      50000,
      0.06723702707139977
    ]
  ],
  "leakage_curve": [
    [
      2500,
      -0.19447853162668338
    ],
    [
      5000,
      -0.31984263917578465
    ],
    [
      7500,
      -0.42831150055558836
    ],
    [
      10000,
      -0.5231352990202156
    ],
    [
      12500,
      -0.5951030883272472
    ],
    [
      15000,
      -0.6480911873099812
    ],
    [
      17500,
      -0.6840687692443959
    ],
    [
      20000,
      -0.7147961754587357
    ],
    [
      22500,
      -0.7354805432877756
    ],
    [
      25000,
      -0.7505069419360777
    ],
    [
      27500,
      -0.7648650002762338
    ],
    [
      30000,
      -0.7747232882162174
    ],
    [
      32500,
      -0.7790238648689191
    ],
    [
      35000,
      -0.7855117763822942
    ],
    [
      37500,
      -0.7888580318795382
    ],
    [
      40000,
      -0.7932097001056497
    ],
    [
      42500,
      -0.7954759865606729
    ],
    [
      45000,
      -0.7981731111440448
    ],
    [
      47500,
      -0.7988196583389647
    ],
    [
      50000,
      -0.8019980064677172
    ]
  ],
  "inadmissible_action_rate_training": 0.0,
  "final_policy_distance_to_Vstar": 0.06723696029596857,
  "final_policy_value_dweighted": 0.8079047379014359,
  "deployment_unsupported_state_frac": 0.0,
  "final_q_leakage": -0.8019980064677172,
  "final_policy_agreement_with_expert": 0.5245441795231417
}