{
  "tag": "target_only_seed0",
  "cell": "target_only",
  "seed": 0,
  "wall_time_train_sec": 9.270580291748047,
  "distance_curve": [
    [
      2500,
      0.09420193365394314
    ],
    [
      5000,
      0.09073958955408544
    ],
    [
      7500,
      0.08795341615862319
    ],
    [
      10000,
      0.08809603612698948
    ],
    [
      12500,
      0.08726112324551462
    ],
    [
      15000,
      0.08592582586406085
    ],
    [
      17500,
      0.08729731406441663
    ],
    [
      20000,
      0.08789383045753929
    ],
    [
      22500,
      0.08787277323750667
    ],
    [
      25000,
      0.08861406542489253
    ],
    [
      27500,
      0.09055020292104615
    ],
    [
      30000,
      0.09007674135715418
    ],
    [
      32500,
      0.08754608633155621
    ],
    [
      35000,
      0.08819514367025169
    ],
    [
      37500,
      0.0885521354248293
    ],
    [
      40000,
      0.08825327699944506
    ],
    [
      42500,
      0.08664008285324594
    ],
    [
      45000,
      0.08740608392835963
    ],
    [
      47500,
      0.0877174812180939
    ],
    [
      50000,
      0.08586104890068391
    ]
  ],
  "leakage_curve": [
    [
      2500,
      0.06222126517396329
    ],
    [
      5000,
      0.07543260034100012
    ],
    [
      7500,
      0.07984457774132053
    ],
    [
      10000,
      0.07738909693447352
    ],
    [
      12500,
      0.07760034527678876
    ],
    [
      15000,
      0.07131228367718796
    ],
    [
      17500,
      0.07312361702956462
    ],
    [
      20000,
      0.07050138392315189
    ],
    [
      22500,
      0.07126884157479552
    ],
    [
      25000,
      0.0694504479285417
    ],
    [
      27500,
      0.06897802338609078
    ],
    [
      30000,
      0.06845918623827098
    ],
    [
      32500,
      0.07213883077372919
    ],
    [
      35000,
      0.06754828380599162
    ],
    [
      37500,
      0.06734859274499241
    ],
    [
      40000,
      0.07088741571872612
    ],
    [
      42500,
      0.06572207317356853
    ],
    [
      45000,
      0.0663442240175017
    ],
    [
      47500,
      0.06854961838984514
    ],
    [
      50000,
      0.07107504751040386
    ]
  ],
  "inadmissible_action_rate_training": 0.7683010293164317,
  "final_policy_distance_to_Vstar": 0.08586102247379444,
  "final_policy_value_dweighted": 0.78928067572361,
  "deployment_unsupported_state_frac": 0.7713884992987378,
  "final_q_leakage": 0.07107504751040386,
  "final_policy_agreement_with_expert": 0.07573632538569425
}