{
  "tag": "target_only_seed3",
  "cell": "target_only",
  "seed": 3,
  "wall_time_train_sec": 9.393784284591675,
  "distance_curve": [
    [
      2500,
      0.08893934442413705
    ],
    [
      5000,
      0.08805328438309672
    ],
    [
      7500,
      0.08786539164143031
    ],
    [
      10000,
      0.08411394021852098
    ],
    [
      12500,
      0.0836966724356077
    ],
    [
      15000,
      0.0833676927216205
    ],
    [
      17500,
      0.08265953045844496
    ],
    [
      20000,
      0.08374245546854697
    ],
    [
      22500,
      0.083615887381478
    ],
    [
      25000,
      0.0838833924709875
    ],
    [
      27500,
      0.08465373817211982
    ],
    [
      30000,
      0.08534772934281566
    ],
    [
      32500,
      0.08409251350391071
    ],
    [
      35000,
      0.08354357931023158
    ],
    [
      37500,
      0.08290572604739324
    ],
    [
      40000,
      0.08277602135973011
    ],
    [
      42500,
      0.0837146904509146
    ],
    [
      45000,
      0.08294778052378411
    ],
    [
      47500,
      0.08405627247545967
    ],
    [
      50000,
      0.08260770348071296
    ]
  ],
  "leakage_curve": [
    [
      2500,
      0.06991884776997685
    ],
    [
      5000,
      0.08030877029535459
    ],
    [
      7500,
      0.08112495649808402
    ],
    [
      10000,
      0.08131119246630333
    ],
    [
      12500,
      0.0802748007828247
    ],
    [
      15000,
      0.07752262911451144
    ],
    [
      17500,
      0.07967669924001256
    ],
    [
      20000,
      0.07975810332042249
    ],
    [
      22500,
      0.0795598507097923
    ],
    [
      25000,
      0.07460911874822475
    ],
    [
      27500,
      0.072637772686928
    ],
    [
      30000,
      0.06831219158080178
    ],
    [
      32500,
      0.07106208872774628
    ],
    [
      35000,
      0.07413389130566757
    ],
    [
      37500,
      0.07327294179199927
    ],
    [
      40000,
      0.07098637220123384
    ],
    [
      42500,
      0.07029415371894575
    ],
    [
      45000,
      0.07521521075399734
    ],
    [
      47500,
      0.07572234264191048
    ],
    [
      50000,
      0.07257235396800503
    ]
  ],
  "inadmissible_action_rate_training": 0.7859939317919101,
  "final_policy_distance_to_Vstar": 0.08260765992873684,
  "final_policy_value_dweighted": 0.7925340382686675,
  "deployment_unsupported_state_frac": 0.7685834502103787,
  "final_q_leakage": 0.07257235396800503,
  "final_policy_agreement_with_expert": 0.08835904628330996
}