{
  "tag": "vanilla_seed0",
  "cell": "vanilla",
  "seed": 0,
  "wall_time_train_sec": 8.70246934890747,
  "distance_curve": [
    [
      2500,
      0.08828846718553844
    ],
    [
      5000,
      0.08745983466544784
    ],
    [
      7500,
      0.08653132301391753
    ],
    [
      10000,
      0.08653132301391753
    ],
    [
      12500,
      0.08653132301391753
    ],
    [
      15000,
      0.08653132301391753
    ],
    [
      17500,
      0.08653132301391753
    ],
    [
      20000,
      0.08653132301391753
    ],
    [
      22500,
      0.08653132301391753
    ],
    [
      25000,
      0.08653132301391753
    ],
    [
      27500,
      0.08653132301391753
    ],
    [
      30000,
      0.08653132301391753
    ],
    [
      32500,
      0.08653132301391753
    ],
    [
      35000,
      0.08653132301391753
    ],
    [
      37500,
      0.08653132301391753
    ],
    [
      40000,
      0.08653132301391753
    ],
    [
      42500,
      0.08653132301391753
    ],
    [
      45000,
      0.08653132301391753
    ],
    [
      47500,
      0.08653132301391753
    ],
    [
      50000,
      0.08653132301391753
    ]
  ],
  "leakage_curve": [
    [
      2500,
      0.073878944772753
    ],
    [
      5000,
      0.12066001869957596
    ],
    [
      7500,
      0.1847274789703669
    ],
    [
      10000,
      0.26349801453835214
    ],
    [
      12500,
      0.331816517640417
    ],
    [
      15000,
      0.3736351333589503
    ],
    [
      17500,
      0.40448534683010545
    ],
    [
      20000,
      0.42802319948359824
    ],
    [
      22500,
      0.4432054532198554
    ],
    [
      25000,
      0.45598597386694645
    ],
    [
      27500,
      0.4637433866316932
    ],
    [
      30000,
      0.4668146336075003
    ],
    [
      32500,
      0.46948984061334625
    ],
    [
      35000,
      0.46937986919469166
    ],
    [
      37500,
      0.46815848893867534
    ],
    [
      40000,
      0.46933610657640434
    ],
    [
      42500,
      0.46829575109478616
    ],
    [
      45000,
      0.46628803978444205
    ],
    [
      47500,
      0.4620128272374237
    ],
    [
      50000,
      0.4568171190090704
    ]
  ],
  "inadmissible_action_rate_training": 0.8481639964611383,
  "final_policy_distance_to_Vstar": 0.08653122736354847,
  "final_policy_value_dweighted": 0.7886104708338558,
  "deployment_unsupported_state_frac": 0.8681626928471248,
  "final_q_leakage": 0.4568171190090704,
  "final_policy_agreement_with_expert": 0.043478260869565216
}