{
  "tag": "vanilla_seed1",
  "cell": "vanilla",
  "seed": 1,
  "wall_time_train_sec": 8.85435962677002,
  "distance_curve": [
    [
      2500,
      0.09264267439519311
    ],
    [
      5000,
      0.09037382799079038
    ],
    [
      7500,
      0.08974471882536157
    ],
    [
      10000,
      0.08974471882536157
    ],
    [
      12500,
      0.08974471882536157
    ],
    [
      15000,
      0.08974471882536157
    ],
    [
      17500,
      0.08974471882536157
    ],
    [
      20000,
      0.08974471882536157
    ],
    [
      22500,
      0.08974471882536157
    ],
    [
      25000,
      0.08974471882536157
    ],
    [
      27500,
      0.08974471882536157
    ],
    [
      30000,
      0.08974471882536157
    ],
    [
      32500,
      0.08974471882536157
    ],
    [
      35000,
      0.08974471882536157
    ],
    [
      37500,
      0.08974471882536157
    ],
    [
      40000,
      0.08974471882536157
    ],
    [
      42500,
      0.08974471882536157
    ],
    [
      45000,
      0.08974471882536157
    ],
    [
      47500,
      0.08974471882536157
    ],
    [
      50000,
      0.08974471882536157
    ]
  ],
  "leakage_curve": [
    [
      2500,
      0.07815626151129836
    ],
    [
      5000,
      0.12814807952393314
    ],
    [
      7500,
      0.19983834460128938
    ],
    [
      10000,
      0.2760376869213848
    ],
    [
      12500,
      0.34440227667140233
    ],
    [
      15000,
      0.39100394434201025
    ],
    [
      17500,
      0.4194712793125221
    ],
    [
      20000,
      0.44656290756797656
    ],
    [
      22500,
      0.4608653869647967
    ],
    [
      25000,
      0.471098386083448
    ],
    [
      27500,
      0.4798377239098978
    ],
    [
      30000,
      0.48190897397034294
    ],
    [
      32500,
      0.48292622377370564
    ],
    [
      35000,
      0.48298077344494156
    ],
    [
      37500,
      0.483840363987184
    ],
    [
      40000,
      0.4802358500365767
    ],
    [
      42500,
      0.48126587696558587
    ],
    [
      45000,
      0.4777843207254503
    ],
    [
      47500,
      0.4779246165584623
    ],
    [
      50000,
      0.47780442991465666
    ]
  ],
  "inadmissible_action_rate_training": 0.8717892364410487,
  "final_policy_distance_to_Vstar": 0.0897445735967941,
  "final_policy_value_dweighted": 0.7853971246006104,
  "deployment_unsupported_state_frac": 0.8877980364656382,
  "final_q_leakage": 0.47780442991465666,
  "final_policy_agreement_with_expert": 0.029453015427769985
}