{
  "tag": "vanilla_seed4",
  "cell": "vanilla",
  "seed": 4,
  "wall_time_train_sec": 8.76389455795288,
  "distance_curve": [
    [
      2500,
      0.0902002403021015
    ],
    [
      5000,
      0.08934926117204975
    ],
    [
      7500,
      0.08899499594449953
    ],
    [
      10000,
      0.08899499594449953
    ],
    [
      12500,
      0.08899499594449953
    ],
    [
      15000,
      0.08899499594449953
    ],
    [
      17500,
      0.08899499594449953
    ],
    [
      20000,
      0.08899499594449953
    ],
    [
      22500,
      0.08899499594449953
    ],
    [
      25000,
      0.08899499594449953
    ],
    [
      27500,
      0.08899499594449953
    ],
    [
      30000,
      0.08899499594449953
    ],
    [
      32500,
      0.08899499594449953
    ],
    [
      35000,
      0.08899499594449953
    ],
    [
      37500,
      0.08899499594449953
    ],
    [
      40000,
      0.08899499594449953
    ],
    [
      42500,
      0.08899499594449953
    ],
    [
      45000,
      0.08899499594449953
    ],
    [
      47500,
      0.08899499594449953
    ],
    [
      50000,
      0.08899499594449953
    ]
  ],
  "leakage_curve": [
    [
      2500,
      0.07481632938341691
    ],
    [
      5000,
      0.12976178417289133
    ],
    [
      7500,
      0.1910590341839729
    ],
    [
      10000,
      0.25625983961267995
    ],
    [
      12500,
      0.3240897229331959
    ],
    [
      15000,
      0.37660161931560426
    ],
    [
      17500,
      0.4060278909883137
    ],
    [
      20000,
      0.4306623010348321
    ],
    [
      22500,
      0.4480793252874677
    ],
    [
      25000,
      0.45738554975876794
    ],
    [
      27500,
      0.46165095109850235
    ],
    [
      30000,
      0.4631958026605267
    ],
    [
      32500,
      0.46496993629583616
    ],
    [
      35000,
      0.4663458084037404
    ],
    [
      37500,
      0.46845878599264407
    ],
    [
      40000,
      0.461323093055053
    ],
    [
      42500,
      0.4627834969934881
    ],
    [
      45000,
      0.46087728142476403
    ],
    [
      47500,
      0.45616917677044566
    ],
    [
      50000,
      0.45291128056289504
    ]
  ],
  "inadmissible_action_rate_training": 0.8575831971225333,
  "final_policy_distance_to_Vstar": 0.08899489058797434,
  "final_policy_value_dweighted": 0.7861468076094303,
  "deployment_unsupported_state_frac": 0.8667601683029453,
  "final_q_leakage": 0.45291128056289504,
  "final_policy_agreement_with_expert": 0.056100981767180924
}