{
  "tag": "vanilla_seed2",
  "cell": "vanilla",
  "seed": 2,
  "wall_time_train_sec": 8.629572868347168,
  "distance_curve": [
    [
      2500,
      0.08925577236095154
    ],
    [
      5000,
      0.08855278086547275
    ],
    [
      7500,
      0.08847067747226575
    ],
    [
      10000,
      0.08847067747226575
    ],
    [
      12500,
      0.08847067747226575
    ],
    [
      15000,
      0.08847067747226575
    ],
    [
      17500,
      0.08847067747226575
    ],
    [
      20000,
      0.08847067747226575
    ],
    [
      22500,
      0.08847067747226575
    ],
    [
      25000,
      0.08847067747226575
    ],
    [
      27500,
      0.08847067747226575
    ],
    [
      30000,
      0.08847067747226575
    ],
    [
      32500,
      0.08847067747226575
    ],
    [
      35000,
      0.08847067747226575
    ],
    [
      37500,
      0.08847067747226575
    ],
    [
      40000,
      0.08847067747226575
    ],
    [
      42500,
      0.08847067747226575
    ],
    [
      45000,
      0.08847067747226575
    ],
    [
      47500,
      0.08847067747226575
    ],
    [
      50000,
      0.08847067747226575
    ]
  ],
  "leakage_curve": [
    [
      2500,
      0.0744241493257874
    ],
    [
      5000,
      0.12295775225441079
    ],
    [
      7500,
      0.1841345806605256
    ],
    [
      10000,
      0.26310454713517967
    ],
    [
      12500,
      0.3313120531349307
    ],
    [
      15000,
      0.3799262390015771
    ],
    [
      17500,
      0.41149132026493973
    ],
    [
      20000,
      0.43877530042818846
    ],
    [
      22500,
      0.4513117272236824
    ],
    [
      25000,
      0.45996516706984697
    ],
    [
      27500,
      0.47204899684030105
    ],
    [
      30000,
      0.4767383297642457
    ],
    [
      32500,
      0.48160909762104154
    ],
    [
      35000,
      0.4816669627276753
    ],
    [
      37500,
      0.4803373421688764
    ],
    [
      40000,
      0.47744085723345897
    ],
    [
      42500,
      0.47224273935459227
    ],
    [
      45000,
      0.47668820894284575
    ],
    [
      47500,
      0.4691321317813003
    ],
    [
      50000,
      0.46728302880072936
    ]
  ],
  "inadmissible_action_rate_training": 0.8544601665447166,
  "final_policy_distance_to_Vstar": 0.08847054231684705,
  "final_policy_value_dweighted": 0.7866711558805574,
  "deployment_unsupported_state_frac": 0.876577840112202,
  "final_q_leakage": 0.46728302880072936,
  "final_policy_agreement_with_expert": 0.033660589060308554
}