{
  "j_star": 0.8751416981974044,
  "methods": {
    "AA_DQN_T": {
      "n_seeds": 5,
      "J_mean": 0.8255798139469087,
      "J_std": 0.003181269693508962,
      "dist_mean": 0.049561884250495805,
      "dist_std": 0.003181269693508985,
      "deploy_unsupp_mean": 0.0
    },
    "AA_MBRL_Full": {
      "n_seeds": 5,
      "J_mean": 0.8739005702926581,
      "J_std": 0.0002877120243329031,
      "dist_mean": 0.0012411279047463346,
      "dist_std": 0.0002877120243328056,
      "deploy_unsupp_mean": 0.0
    },
    "AA_MBRL_greedy": {
      "n_seeds": 5,
      "J_mean": 0.8736704890317043,
      "J_std": 0.0003044291396251205,
      "dist_mean": 0.0014712091657002302,
      "dist_std": 0.0003044291396250876,
      "deploy_unsupp_mean": 0.0
    },
    "AA_MBRL_KL": {
      "n_seeds": 5,
      "J_mean": 0.8736570540214217,
      "J_std": 0.00019452802313791386,
      "dist_mean": 0.0014846441759828125,
      "dist_std": 0.00019452802313789564,
      "deploy_unsupp_mean": 0.0
    },
    "AA_MBRL_Shaped": {
      "n_seeds": 5,
      "J_mean": 0.873830166943778,
      "J_std": 7.89707115399551e-05,
      "dist_mean": 0.0013115312536263288,
      "dist_std": 7.897071153993262e-05,
      "deploy_unsupp_mean": 0.0
    },
    "AA_MBRL_UCB": {
      "n_seeds": 5,
      "J_mean": 0.8028702874026115,
      "J_std": 0.001842971624220219,
      "dist_mean": 0.07227141079479307,
      "dist_std": 0.0018429716242202498,
      "deploy_unsupp_mean": 0.0
    },
    "AA_PPO_Full": {
      "n_seeds": 5,
      "J_mean": 0.8682775281464254,
      "J_std": 0.0010175871791905753,
      "dist_mean": 0.006864170050978918,
      "dist_std": 0.0010175871791905683,
      "deploy_unsupp_mean": 0.0
    },
    "AA_PPO_KL": {
      "n_seeds": 5,
      "J_mean": 0.8688375098011702,
      "J_std": 0.0005863651467870993,
      "dist_mean": 0.006304188396234147,
      "dist_std": 0.0005863651467870046,
      "deploy_unsupp_mean": 0.0
    },
    "AA_PPO_Shaped": {
      "n_seeds": 5,
      "J_mean": 0.8688530260589413,
      "J_std": 0.0007418723026523631,
      "dist_mean": 0.006288672138463206,
      "dist_std": 0.0007418723026523863,
      "deploy_unsupp_mean": 0.0
    },
    "AA_PPO_T": {
      "n_seeds": 5,
      "J_mean": 0.8690180532703543,
      "J_std": 0.001000323125856042,
      "dist_mean": 0.006123644927050092,
      "dist_std": 0.0010003231258560673,
      "deploy_unsupp_mean": 0.0
    },
    "AA_QLearning": {
      "n_seeds": 5,
      "J_mean": 0.8013257648435734,
      "J_std": 0.0030887841620899355,
      "dist_mean": 0.07381593335383081,
      "dist_std": 0.0030887841620898934,
      "deploy_unsupp_mean": 0.0
    },
    "AA_Sarsa": {
      "n_seeds": 5,
      "J_mean": 0.8021816674605333,
      "J_std": 0.003253137519459123,
      "dist_mean": 0.07296003073687116,
      "dist_std": 0.0032531375194591477,
      "deploy_unsupp_mean": 0.0
    },
    "DQN_T": {
      "n_seeds": 5,
      "J_mean": 0.7991383352017266,
      "J_std": 0.0015695703179440298,
      "dist_mean": 0.07600336299567788,
      "dist_std": 0.001569570317943969,
      "deploy_unsupp_mean": 0.7946704067321179
    },
    "MBRL_UCB_noMask": {
      "n_seeds": 5,
      "J_mean": 0.8012986658169957,
      "J_std": 0.0009584207680558043,
      "dist_mean": 0.07384303238040885,
      "dist_std": 0.0009584207680558598,
      "deploy_unsupp_mean": 0.5012622720897616
    },
    "PPO_T": {
      "n_seeds": 5,
      "J_mean": 0.8420481003842657,
      "J_std": 0.0013649138357168164,
      "dist_mean": 0.033093597813138885,
      "dist_std": 0.0013649138357168385,
      "deploy_unsupp_mean": 0.579242636746143
    },
    "QLearning": {
      "n_seeds": 5,
      "J_mean": 0.7868359459401889,
      "J_std": 0.001975677857298648,
      "dist_mean": 0.08830575225721556,
      "dist_std": 0.0019756778572987397,
      "deploy_unsupp_mean": 0.853295932678822
    },
    "Sarsa": {
      "n_seeds": 5,
      "J_mean": 0.7884696763416339,
      "J_std": 0.002224182131422973,
      "dist_mean": 0.08667202185577064,
      "dist_std": 0.002224182131422931,
      "deploy_unsupp_mean": 0.8288920056100982
    }
  }
}