{
  "bucket_edges": [
    1.1498422712933754,
    4.27654985415554,
    5.791799831791422,
    7.2036335200796975,
    9.078286980063991,
    18.02409638654217
  ],
  "bucket_centers": [
    2.7131960627244576,
    5.034174842973481,
    6.49771667593556,
    8.140960250071844,
    13.551191683303081
  ],
  "mean_vstar_per_bucket": [
    0.9162961897406291,
    0.90710283767803,
    0.8941445267347089,
    0.8738628927921274,
    0.8231775851375597
  ],
  "n_states_per_bucket": [
    143,
    142,
    143,
    142,
    143
  ]
}