{
  "tag": "expert_projected_seed0",
  "cell": "expert_projected",
  "config": {
    "expert_explore": true,
    "project_to_admissible": true,
    "seed": 0
  },
  "wall_time_train_sec": 8.716206550598145,
  "distance_curve": [
    [
      2500,
      0.08078647331804731
    ],
    [
      5000,
      0.07682090422773019
    ],
    [
      7500,
      0.07528013153599598
    ],
    [
      10000,
      0.07536804379130725
    ],
    [
      12500,
      0.07536804379130725
    ],
    [
      15000,
      0.07536804379130725
    ],
    [
      17500,
      0.07536804379130725
    ],
    [
      20000,
      0.07536804379130725
    ],
    [
      22500,
      0.07536804379130725
    ],
    [
      25000,
      0.07536804379130725
    ],
    [
      27500,
      0.07536804379130725
    ],
    [
      30000,
      0.07536804379130725
    ],
    [
      32500,
      0.07486041585441724
    ],
    [
      35000,
      0.0747041776032254
    ],
    [
      37500,
      0.07486935158639794
    ],
    [
      40000,
      0.07527495423077261
    ],
    [
      42500,
      0.07462753631608265
    ],
    [
      45000,
      0.0735858239667916
    ],
    [
      47500,
      0.07462260406105659
    ],
    [
      50000,
      0.07425526601192899
    ]
  ],
  "inadmissible_action_rate_training": 0.0007065885069809468,
  "final_policy_distance_to_Vstar": 0.07425525936343046,
  "final_policy_value_dweighted": 0.8008864388339741,
  "deployment_unsupported_state_frac": 0.004207573632538569,
  "final_policy_agreement_with_expert": 0.635343618513324
}