{
  "tag": "expert_raw_seed4",
  "cell": "expert_raw",
  "config": {
    "expert_explore": true,
    "project_to_admissible": false,
    "seed": 4
  },
  "wall_time_train_sec": 8.135082483291626,
  "distance_curve": [
    [
      2500,
      0.08102809596003384
    ],
    [
      5000,
      0.08213781476458763
    ],
    [
      7500,
      0.080068281164655
    ],
    [
      10000,
      0.08022744998670645
    ],
    [
      12500,
      0.08022744998670645
    ],
    [
      15000,
      0.08022744998670645
    ],
    [
      17500,
      0.08007531448221071
    ],
    [
      20000,
      0.08007531448221071
    ],
    [
      22500,
      0.08007531448221071
    ],
    [
      25000,
      0.08007531448221071
    ],
    [
      27500,
      0.08007531448221071
    ],
    [
      30000,
      0.07965676965635173
    ],
    [
      32500,
      0.07965676965635173
    ],
    [
      35000,
      0.07965676965635173
    ],
    [
      37500,
      0.07965676965635173
    ],
    [
      40000,
      0.07908242181054904
    ],
    [
      42500,
      0.07937155143449644
    ],
    [
      45000,
      0.07896435043534308
    ],
    [
      47500,
      0.07879278416408135
    ],
    [
      50000,
      0.07876816788282573
    ]
  ],
  "inadmissible_action_rate_training": 0.05661426802166481,
  "final_policy_distance_to_Vstar": 0.07876816425674098,
  "final_policy_value_dweighted": 0.7963735339406636,
  "deployment_unsupported_state_frac": 0.08134642356241234,
  "final_policy_agreement_with_expert": 0.5890603085553997
}