{
  "tag": "expert_projected_seed1",
  "cell": "expert_projected",
  "config": {
    "expert_explore": true,
    "project_to_admissible": true,
    "seed": 1
  },
  "wall_time_train_sec": 8.55594277381897,
  "distance_curve": [
    [
      2500,
      0.07705201077329565
    ],
    [
      5000,
      0.07586334029737639
    ],
    [
      7500,
      0.07488522633293512
    ],
    [
      10000,
      0.07533900755756892
    ],
    [
      12500,
      0.0755266160342009
    ],
    [
      15000,
      0.07533900755756892
    ],
    [
      17500,
      0.07533900755756892
    ],
    [
      20000,
      0.07533900755756892
    ],
    [
      22500,
      0.07533900755756892
    ],
    [
      25000,
      0.07533900755756892
    ],
    [
      27500,
      0.07533900755756892
    ],
    [
      30000,
      0.07533900755756892
    ],
    [
      32500,
      0.07533900755756892
    ],
    [
      35000,
      0.0750953318425793
    ],
    [
      37500,
      0.07399015115455261
    ],
    [
      40000,
      0.07309963423782766
    ],
    [
      42500,
      0.07246326755847471
    ],
    [
      45000,
      0.07247195326449833
    ],
    [
      47500,
      0.0717765419266461
    ],
    [
      50000,
      0.07138034136290604
    ]
  ],
  "inadmissible_action_rate_training": 0.0006416561169151949,
  "final_policy_distance_to_Vstar": 0.07138033587439614,
  "final_policy_value_dweighted": 0.8037613623230082,
  "deployment_unsupported_state_frac": 0.002805049088359046,
  "final_policy_agreement_with_expert": 0.6367461430575035
}