{
  "tag": "expert_raw_seed2",
  "cell": "expert_raw",
  "config": {
    "expert_explore": true,
    "project_to_admissible": false,
    "seed": 2
  },
  "wall_time_train_sec": 8.53557276725769,
  "distance_curve": [
    [
      2500,
      0.08523587941029181
    ],
    [
      5000,
      0.07448854490152301
    ],
    [
      7500,
      0.07262262902297395
    ],
    [
      10000,
      0.07149173557247276
    ],
    [
      12500,
      0.07149173557247276
    ],
    [
      15000,
      0.07149173557247276
    ],
    [
      17500,
      0.07149173557247276
    ],
    [
      20000,
      0.07149173557247276
    ],
    [
      22500,
      0.07149173557247276
    ],
    [
      25000,
      0.07149173557247276
    ],
    [
      27500,
      0.07133224855021351
    ],
    [
      30000,
      0.07133224855021351
    ],
    [
      32500,
      0.07133224855021351
    ],
    [
      35000,
      0.07152277983477237
    ],
    [
      37500,
      0.07152277983477237
    ],
    [
      40000,
      0.07116145550633675
    ],
    [
      42500,
      0.07081614746990485
    ],
    [
      45000,
      0.07161752534916128
    ],
    [
      47500,
      0.07068084829424662
    ],
    [
      50000,
      0.07089692586629036
    ]
  ],
  "inadmissible_action_rate_training": 0.05392218402348579,
  "final_policy_distance_to_Vstar": 0.07089685836449724,
  "final_policy_value_dweighted": 0.8042448398329074,
  "deployment_unsupported_state_frac": 0.08274894810659186,
  "final_policy_agreement_with_expert": 0.5876577840112202
}