{
  "tag": "expert_raw_seed1",
  "cell": "expert_raw",
  "config": {
    "expert_explore": true,
    "project_to_admissible": false,
    "seed": 1
  },
  "wall_time_train_sec": 8.52023434638977,
  "distance_curve": [
    [
      2500,
      0.07566910480746047
    ],
    [
      5000,
      0.0739898619603385
    ],
    [
      7500,
      0.07376901774565979
    ],
    [
      10000,
      0.07416879996098916
    ],
    [
      12500,
      0.07416879996098916
    ],
    [
      15000,
      0.07416879996098916
    ],
    [
      17500,
      0.07416879996098916
    ],
    [
      20000,
      0.07416879996098916
    ],
    [
      22500,
      0.07416879996098916
    ],
    [
      25000,
      0.07416879996098916
    ],
    [
      27500,
      0.07416879996098916
    ],
    [
      30000,
      0.07416879996098916
    ],
    [
      32500,
      0.07416879996098916
    ],
    [
      35000,
      0.0738206102924855
    ],
    [
      37500,
      0.07326251039263255
    ],
    [
      40000,
      0.07326251039263255
    ],
    [
      42500,
      0.0731101223428094
    ],
    [
      45000,
      0.07261007209625311
    ],
    [
      47500,
      0.07184296164551775
    ],
    [
      50000,
      0.07228271783394334
    ]
  ],
  "inadmissible_action_rate_training": 0.05020900117898101,
  "final_policy_distance_to_Vstar": 0.07228271321451174,
  "final_policy_value_dweighted": 0.802858984982893,
  "deployment_unsupported_state_frac": 0.07152875175315568,
  "final_policy_agreement_with_expert": 0.6171107994389902
}