{
  "tag": "expert_raw_seed0",
  "cell": "expert_raw",
  "config": {
    "expert_explore": true,
    "project_to_admissible": false,
    "seed": 0
  },
  "wall_time_train_sec": 8.6067214012146,
  "distance_curve": [
    [
      2500,
      0.08043994052713893
    ],
    [
      5000,
      0.07749477638349292
    ],
    [
      7500,
      0.07798034214878842
    ],
    [
      10000,
      0.07720938202004728
    ],
    [
      12500,
      0.07720938202004728
    ],
    [
      15000,
      0.07720938202004728
    ],
    [
      17500,
      0.07720938202004728
    ],
    [
      20000,
      0.07720938202004728
    ],
    [
      22500,
      0.07720938202004728
    ],
    [
      25000,
      0.07720938202004728
    ],
    [
      27500,
      0.07720938202004728
    ],
    [
      30000,
      0.07665456406781505
    ],
    [
      32500,
      0.07638185651960662
    ],
    [
      35000,
      0.07586383445552591
    ],
    [
      37500,
      0.07596257710842289
    ],
    [
      40000,
      0.07576631193375609
    ],
    [
      42500,
      0.07567863583200164
    ],
    [
      45000,
      0.07528510891664882
    ],
    [
      47500,
      0.07497013372003584
    ],
    [
      50000,
      0.07330913504738042
    ]
  ],
  "inadmissible_action_rate_training": 0.05699389402810869,
  "final_policy_distance_to_Vstar": 0.0733091185987495,
  "final_policy_value_dweighted": 0.801832579598655,
  "deployment_unsupported_state_frac": 0.08555399719495091,
  "final_policy_agreement_with_expert": 0.5946704067321178
}