{
  "tag": "vanilla_seed1",
  "cell": "vanilla",
  "config": {
    "expert_explore": false,
    "project_to_admissible": false,
    "seed": 1
  },
  "wall_time_train_sec": 8.921365976333618,
  "distance_curve": [
    [
      2500,
      0.09264267439519311
    ],
    [
      5000,
      0.09037382799079038
    ],
    [
      7500,
      0.08974471882536157
    ],
    [
      10000,
      0.08974471882536157
    ],
    [
      12500,
      0.08974471882536157
    ],
    [
      15000,
      0.08974471882536157
    ],
    [
      17500,
      0.08974471882536157
    ],
    [
      20000,
      0.08974471882536157
    ],
    [
      22500,
      0.08974471882536157
    ],
    [
      25000,
      0.08974471882536157
    ],
    [
      27500,
      0.08974471882536157
    ],
    [
      30000,
      0.08974471882536157
    ],
    [
      32500,
      0.08974471882536157
    ],
    [
      35000,
      0.08974471882536157
    ],
    [
      37500,
      0.08974471882536157
    ],
    [
      40000,
      0.08974471882536157
    ],
    [
      42500,
      0.08974471882536157
    ],
    [
      45000,
      0.08974471882536157
    ],
    [
      47500,
      0.08974471882536157
    ],
    [
      50000,
      0.08974471882536157
    ]
  ],
  "inadmissible_action_rate_training": 0.8717892364410487,
  "final_policy_distance_to_Vstar": 0.0897445735967941,
  "final_policy_value_dweighted": 0.7853971246006104,
  "deployment_unsupported_state_frac": 0.8877980364656382,
  "final_policy_agreement_with_expert": 0.029453015427769985
}