{
  "tag": "vanilla_seed4",
  "cell": "vanilla",
  "config": {
    "expert_explore": false,
    "project_to_admissible": false,
    "seed": 4
  },
  "wall_time_train_sec": 8.833085536956787,
  "distance_curve": [
    [
      2500,
      0.0902002403021015
    ],
    [
      5000,
      0.08934926117204975
    ],
    [
      7500,
      0.08899499594449953
    ],
    [
      10000,
      0.08899499594449953
    ],
    [
      12500,
      0.08899499594449953
    ],
    [
      15000,
      0.08899499594449953
    ],
    [
      17500,
      0.08899499594449953
    ],
    [
      20000,
      0.08899499594449953
    ],
    [
      22500,
      0.08899499594449953
    ],
    [
      25000,
      0.08899499594449953
    ],
    [
      27500,
      0.08899499594449953
    ],
    [
      30000,
      0.08899499594449953
    ],
    [
      32500,
      0.08899499594449953
    ],
    [
      35000,
      0.08899499594449953
    ],
    [
      37500,
      0.08899499594449953
    ],
    [
      40000,
      0.08899499594449953
    ],
    [
      42500,
      0.08899499594449953
    ],
    [
      45000,
      0.08899499594449953
    ],
    [
      47500,
      0.08899499594449953
    ],
    [
      50000,
      0.08899499594449953
    ]
  ],
  "inadmissible_action_rate_training": 0.8575831971225333,
  "final_policy_distance_to_Vstar": 0.08899489058797434,
  "final_policy_value_dweighted": 0.7861468076094303,
  "deployment_unsupported_state_frac": 0.8667601683029453,
  "final_policy_agreement_with_expert": 0.056100981767180924
}