{
  "tag": "vanilla_seed0",
  "cell": "vanilla",
  "config": {
    "expert_explore": false,
    "project_to_admissible": false,
    "seed": 0
  },
  "wall_time_train_sec": 8.82062578201294,
  "distance_curve": [
    [
      2500,
      0.08828846718553844
    ],
    [
      5000,
      0.08745983466544784
    ],
    [
      7500,
      0.08653132301391753
    ],
    [
      10000,
      0.08653132301391753
    ],
    [
      12500,
      0.08653132301391753
    ],
    [
      15000,
      0.08653132301391753
    ],
    [
      17500,
      0.08653132301391753
    ],
    [
      20000,
      0.08653132301391753
    ],
    [
      22500,
      0.08653132301391753
    ],
    [
      25000,
      0.08653132301391753
    ],
    [
      27500,
      0.08653132301391753
    ],
    [
      30000,
      0.08653132301391753
    ],
    [
      32500,
      0.08653132301391753
    ],
    [
      35000,
      0.08653132301391753
    ],
    [
      37500,
      0.08653132301391753
    ],
    [
      40000,
      0.08653132301391753
    ],
    [
      42500,
      0.08653132301391753
    ],
    [
      45000,
      0.08653132301391753
    ],
    [
      47500,
      0.08653132301391753
    ],
    [
      50000,
      0.08653132301391753
    ]
  ],
  "inadmissible_action_rate_training": 0.8481639964611383,
  "final_policy_distance_to_Vstar": 0.08653122736354847,
  "final_policy_value_dweighted": 0.7886104708338558,
  "deployment_unsupported_state_frac": 0.8681626928471248,
  "final_policy_agreement_with_expert": 0.043478260869565216
}