{
  "tag": "vanilla_seed3",
  "cell": "vanilla",
  "config": {
    "expert_explore": false,
    "project_to_admissible": false,
    "seed": 3
  },
  "wall_time_train_sec": 8.935004234313965,
  "distance_curve": [
    [
      2500,
      0.09646301700308808
    ],
    [
      5000,
      0.0950707203782705
    ],
    [
      7500,
      0.0944543824861928
    ],
    [
      10000,
      0.09423421383195187
    ],
    [
      12500,
      0.09423421383195187
    ],
    [
      15000,
      0.09423421383195187
    ],
    [
      17500,
      0.09423421383195187
    ],
    [
      20000,
      0.09423421383195187
    ],
    [
      22500,
      0.09423421383195187
    ],
    [
      25000,
      0.09423421383195187
    ],
    [
      27500,
      0.09423421383195187
    ],
    [
      30000,
      0.09423421383195187
    ],
    [
      32500,
      0.09423421383195187
    ],
    [
      35000,
      0.09423421383195187
    ],
    [
      37500,
      0.09423421383195187
    ],
    [
      40000,
      0.09423421383195187
    ],
    [
      42500,
      0.09423421383195187
    ],
    [
      45000,
      0.09423421383195187
    ],
    [
      47500,
      0.09423421383195187
    ],
    [
      50000,
      0.09423421383195187
    ]
  ],
  "inadmissible_action_rate_training": 0.8397125169809921,
  "final_policy_distance_to_Vstar": 0.09423419300989078,
  "final_policy_value_dweighted": 0.7809075051875138,
  "deployment_unsupported_state_frac": 0.8541374474053296,
  "final_policy_agreement_with_expert": 0.04067321178120617
}